0,1,2,3,4,5
The Old Main Drag,PT3M20S,The Pogues,Rum Sodomy & The Lash,http://ringsushi.com/tone/the-old-main-drag-306779/,Folk Rock
Chicken Crowing for Midnight,PT1M07S,Leadbelly,Where Did You Sleep Last Night? - Lead Belly Legacy Volume 1,http://ringsushi.com/tone/chicken-crowing-for-midnight-276747/,Folk
Rooster Crows At Midnight (Christmas Day),PT1M24S,Leadbelly,Complete Recorded Works 1947-1949 Volume 7,http://ringsushi.com/tone/rooster-crows-at-midnight-christmas-day-276866/,Blues
After You're Gone,PT3M14S,Leadbelly,At New York Town Hall 1947,http://ringsushi.com/tone/after-youre-gone-276821/,Blues/jazz
Diddley Daddy,PT2M29S,Bo Diddley,His Best,http://ringsushi.com/tone/diddley-daddy-276981/,Soul And R&B
What Do You Go Home To?,PT5M00S,Explosions In The Sky,All of a Sudden I Miss Everyone,http://ringsushi.com/tone/what-do-you-go-home-to-214524/,Post-Rock
Mama Don't Allow No Twistin',PT2M11S,Bo Diddley,The Chess Years - Disc 5 of 12,http://ringsushi.com/tone/mama-dont-allow-no-twistin-276977/,rock
How Do You Know-Don't Mind The Weather,PT2M18S,Leadbelly,Complete Recorded Works 1939-1947 Volume 2 - C. October 1943 To 25 April 1944,http://ringsushi.com/tone/how-do-you-know-dont-mind-the-weather-276783/,Blues
Once More To The Afterlife,PT6M13S,Explosions In The Sky,,http://ringsushi.com/tone/once-more-to-the-afterlife-214503/,Other
Diddling,PT2M13S,Bo Diddley,The Chess Years - Disc 5 of 12,http://ringsushi.com/tone/diddling-277032/,rock
A Poor Man's Memory,PT2M29S,Explosions In The Sky,Those Who Tell The Truth Shall,http://ringsushi.com/tone/a-poor-mans-memory-214474/,Rock
C. C. Rider,PT3M01S,Leadbelly,The Remaining ARC And Library Of Congress Recordings Volume 1 1934-1935,http://ringsushi.com/tone/c-c-rider-276746/,Blues
Drunken Boat,PT6M37S,The Pogues,Waiting For Herb (2004 Remastered & Expanded),http://ringsushi.com/tone/drunken-boat-306818/,Folk Rock
Whiskey You're The Devil (Traditional) (Bonus track),PT2M09S,The Pogues,Red Roses For Me (2004 Remastered & Expanded),http://ringsushi.com/tone/whiskey-youre-the-devil-traditional-bonus-track-306953/,Folk Rock
Sonho Dourado (Daniel Lanois),PT3M26S,Explosions In The Sky,Friday Night Lights,http://ringsushi.com/tone/sonho-dourado-daniel-lanois-214512/,"Soundtrack, Post-rock"
Ham And Eggs,PT2M50S,Leadbelly,Shout On - Lead Belly Legacy Vol. 3,http://ringsushi.com/tone/ham-and-eggs-276804/,Blues
Words,PT4M53S,Cheap Trick,Special One,http://ringsushi.com/tone/words-214464/,Pop
Queen Mary,PT4M53S,Leadbelly,Important Recordings: 1934-1949 - Disc A,http://ringsushi.com/tone/queen-mary-276767/,Blues
I'm Leavin' On The Morning Train,PT4M19S,Leadbelly,Complete Recorded Works 1939-1947 - Volume 6,http://ringsushi.com/tone/im-leavin-on-the-morning-train-276935/,Blues
Your Hand In Mine (With Strings),PT4M09S,Explosions In The Sky,Friday Night Lights,http://ringsushi.com/tone/your-hand-in-mine-with-strings-214528/,Post Rock
Golden Porsche,PT2M49S,Mogwai,Happy Songs For Happy People,http://ringsushi.com/tone/golden-porsche-214718/,Alternative
Sugared The Beer,PT1M40S,Leadbelly,Lead Belly's Last Sessions,http://ringsushi.com/tone/sugared-the-beer-276737/,Blues
Extra Read All About Ben,PT2M14S,Bo Diddley,The Chess Years - Disc 5 of 12,http://ringsushi.com/tone/extra-read-all-about-ben-277056/,rock
Dark Solstice,PT4M45S,God Is An Astronaut,A Moment of Stillness,http://ringsushi.com/tone/dark-solstice-214542/,Rock
When The Ship Comes In (Bob Dylan cover),PT3M14S,The Pogues,Pogue Mahone (2004 Remastered & Expanded),http://ringsushi.com/tone/when-the-ship-comes-in-bob-dylan-cover-306791/,Folk Rock
Do WHat I Say,PT2M49S,Bo Diddley,The Chess Years - Disc 3 of 12,http://ringsushi.com/tone/do-what-i-say-277067/,rock
Radau,PT5M52S,God Is An Astronaut,Far From Refuge,http://ringsushi.com/tone/radau-214574/,Post-Rock
A Song for Our Fathers,PT5M44S,Explosions In The Sky,,http://ringsushi.com/tone/a-song-for-our-fathers-214476/,Other
Allowed To Play,PT1M55S,Buckethead,A Real Diamond In The Rough,http://ringsushi.com/tone/allowed-to-play-214950/,Other
Arvor-you,PT4M45S,Alan Stivell,Back to Breizh,http://ringsushi.com/tone/arvor-you-307057/,"Celtic, Folk, Bretagne, World"
Sukey Jump (Win'jammer),PT1M07S,Leadbelly,Complete Recorded Works 1939-1947 - Volume 6,http://ringsushi.com/tone/sukey-jump-winjammer-276791/,Blues
Fragile,PT4M34S,God Is An Astronaut,"All is Violent, All is Bright",http://ringsushi.com/tone/fragile-214555/,Post Rock
Bo's A Lumberjack,PT2M41S,Bo Diddley,The Chess Years - Disc 5 of 12,http://ringsushi.com/tone/bos-a-lumberjack-277040/,rock
Baptism of Solitude,PT6M07S,Buckethead,Electric Tears,http://ringsushi.com/tone/baptism-of-solitude-214963/,Rock
Rano Pano (Tim Hecker Remix),PT4M44S,Mogwai,A Wrenched Virile Lore,http://ringsushi.com/tone/rano-pano-tim-hecker-remix-214756/,Post-Rock / Space Rock
Little Girl (Alt),PT2M37S,Bo Diddley,The Chess Years - Disc 12 of 12,http://ringsushi.com/tone/little-girl-alt-276953/,rock
Hey Jerome,PT3M05S,Bo Diddley,The Chess Years - Disc 10 of 12,http://ringsushi.com/tone/hey-jerome-277070/,rock
I'm A Man You Don't Meet Every Day (Traditional) (The Pogues' Version),PT2M55S,The Pogues,Rum Sodomy & The Lash,http://ringsushi.com/tone/im-a-man-you-dont-meet-every-day-traditional-the-pogues-version-306798/,Folk Rock
Honky Tonk Women (The Rolling Stones cover) (Bonus track),PT2M55S,The Pogues,Peace And Love (2005 Remastered & Expanded),http://ringsushi.com/tone/honky-tonk-women-the-rolling-stones-cover-bonus-track-306964/,Folk Rock
The Fromveur,PT1M21S,Yann Tiersen,The Lighthouse / Everything's Calm,http://ringsushi.com/tone/the-fromveur-214938/,Alternative
Let The Kids Dance,PT2M22S,Bo Diddley,The Chess Years - Disc 7 of 12,http://ringsushi.com/tone/let-the-kids-dance-276976/,rock
The Limerick Rake (Traditional),PT3M13S,The Pogues,Peace And Love (2005 Remastered & Expanded),http://ringsushi.com/tone/the-limerick-rake-traditional-306935/,Folk Rock
No More Lovin',PT2M24S,Bo Diddley,The Chess Years - Disc 3 of 12,http://ringsushi.com/tone/no-more-lovin-277061/,rock
I'm Thinking Of A Friend,PT3M22S,Leadbelly,Lead Belly's Last Sessions,http://ringsushi.com/tone/im-thinking-of-a-friend-276930/,Blues
Asbury Park Boardwalk,PT3M15S,Buckethead,Racks,http://ringsushi.com/tone/asbury-park-boardwalk-214955/,Other
Thousands Are Sailing,PT5M29S,The Pogues,If I Should Fall From Grace With God,http://ringsushi.com/tone/thousands-are-sailing-306827/,Folk Rock
"So Long, Lonesome",PT3M40S,Explosions In The Sky,Last Night Soundtrack,http://ringsushi.com/tone/so-long-lonesome-214511/,soundtrack
Le Chant De Taliesin,PT3M01S,Alan Stivell,The Mist of Avalon,http://ringsushi.com/tone/le-chant-de-taliesin-307087/,"Celtic, Folk, Bretagne, World"
Sit Down By The Fire,PT2M18S,The Pogues,If I Should Fall From Grace With God (2004 Remastered & Expanded),http://ringsushi.com/tone/sit-down-by-the-fire-306880/,Folk Rock
I Will Be So Glad When I Get Home (Live),PT2M07S,Leadbelly,Complete Recorded Works 1947-1949 Volume 7,http://ringsushi.com/tone/i-will-be-so-glad-when-i-get-home-live-276921/,Blues
L'echec,PT2M53S,Yann Tiersen,L'Absente,http://ringsushi.com/tone/lechec-214913/,Classical
"Old Man, Will Your Dog Catch A Rabbit",PT1M30S,Leadbelly,Lead Belly's Last Sessions,http://ringsushi.com/tone/old-man-will-your-dog-catch-a-rabbit-276875/,Blues
A Cheery Wave from Stranded Youngsters,PT2M19S,Mogwai,Young Team,http://ringsushi.com/tone/a-cheery-wave-from-stranded-youngsters-214686/,Other
Get to France,PT2M26S,Mogwai,Earth Division EP,http://ringsushi.com/tone/get-to-france-214716/,Other
Summer In Siam,PT4M06S,The Pogues,Hell's Ditch,http://ringsushi.com/tone/summer-in-siam-306824/,Folk Rock
Ex-Cowboy,PT9M09S,Mogwai,Come on Die Young,http://ringsushi.com/tone/ex-cowboy-214712/,Post-Rock
Let Me Back In,PT10M07S,Explosions In The Sky,"Take Care, Take Care, Take Care",http://ringsushi.com/tone/let-me-back-in-214499/,Post-Rock
Aztec,PT2M28S,Bo Diddley,The Chess Years - Disc 4 of 12,http://ringsushi.com/tone/aztec-276950/,rock
Cease Fire,PT3M33S,Alan Stivell,Brian Boru,http://ringsushi.com/tone/cease-fire-307109/,"Celtic, Folk, Bretagne, World"
New Years End,PT4M18S,God Is An Astronaut,Far from Refuge,http://ringsushi.com/tone/new-years-end-214567/,Rock
Power House,PT2M47S,Bo Diddley,The Chess Years - Disc 9 of 12,http://ringsushi.com/tone/power-house-277023/,rock
The Union Pact,PT1M03S,Alan Stivell,Before landing,http://ringsushi.com/tone/the-union-pact-307124/,"Celtic, Folk, Bretagne, World"
I (feat. Child Actor),PT14M25S,Blue Sky Black Death,Glaciers,http://ringsushi.com/tone/i-feat-child-actor-225681/,Electronic
Don't You Love Me No More? (4473-A-4),PT4M49S,Leadbelly,The Remaining Library of Congress Recordings - Volume 5 1938-1942,http://ringsushi.com/tone/dont-you-love-me-no-more-4473-a-4-276751/,Blues
Yamin The Light,PT1M10S,Explosions In The Sky,"Those Who Tell The Truth Shall Die, Those Who Tell The Truth Shall Live Forever )(",http://ringsushi.com/tone/yamin-the-light-214526/,Other
Repeal Of The Licensing Laws (Instrumental) (Bonus track),PT2M12S,The Pogues,Red Roses For Me (2004 Remastered & Expanded),http://ringsushi.com/tone/repeal-of-the-licensing-laws-instrumental-bonus-track-306932/,Folk Rock
What Are Little Boys Made Of / Polly Wee,PT2M23S,Leadbelly,Shout On - Lead Belly Legacy Vol. 3,http://ringsushi.com/tone/what-are-little-boys-made-of--polly-wee-276917/,Blues
Walkin' And Talkin',PT2M42S,Bo Diddley,The Chess Years - Disc 3 of 12,http://ringsushi.com/tone/walkin-and-talkin-277011/,rock
Blues I Got Make A New Born Baby Cry (47-B),PT5M46S,Leadbelly,The Remaining Library of Congress Recordings - Volume 2 1935,http://ringsushi.com/tone/blues-i-got-make-a-new-born-baby-cry-47-b-276858/,Blues
Sad DC,PT4M30S,Mogwai,Happy Songs for Happy People,http://ringsushi.com/tone/sad-dc-214763/,Post Rock
Honey,PT4M18S,Mogwai,Young Team,http://ringsushi.com/tone/honey-214722/,Rock
South Australia (Traditional),PT3M28S,The Pogues,If I Should Fall From Grace With God,http://ringsushi.com/tone/south-australia-traditional-306837/,Folk Rock
Sunny Banks Of Sweet Deliverance,PT4M32S,God Is An Astronaut,Far From Refuge,http://ringsushi.com/tone/sunny-banks-of-sweet-deliverance-214586/,Post-Rock
Chained To The Rhythm (feat. Skip Marley),PT3M58S,Katy Perry,Chained To The Rhythm,http://ringsushi.com/tone/chained-to-the-rhythm-feat-skip-marley-570463/,Pop
Black And Gold - (Sam Sparro),PT3M27S,Katy Perry,Sweetheart: Our Favourite Artists Sing Their Favourite Long Songs,http://ringsushi.com/tone/black_and_gold_-_sam_sparro-173016/,Pop
14 - A Cup of Coffee,PT4M12S,Katy Perry,One of the Boys [Japan],http://ringsushi.com/tone/14_-_a_cup_of_coffee-173015/,Pop
Guenievre,PT4M32S,Alan Stivell,The Mist of Avalon,http://ringsushi.com/tone/guenievre-307067/,"Celtic, Folk, Bretagne, World"
Blind Lemon (Song),PT1M41S,Leadbelly,Complete Recorded Works 1939-1947 - Volume 6,http://ringsushi.com/tone/blind-lemon-song-276843/,Blues
Sunnyside Of The Street,PT3M10S,The Pogues,"Streams Of Whiskey - Live In Leysin, Switzerland 1991",http://ringsushi.com/tone/sunnyside-of-the-street-306881/,Folk Rock
Unknown,PT5M49S,Moby,Hotel (Bonus Disc),http://ringsushi.com/tone/Unknown-37886/,Electronic
Jelly Jelly,PT2M29S,Leadbelly,Black folk singers (1937-1946),http://ringsushi.com/tone/jelly-jelly-276906/,Blues
Seagull (Bad Company),PT4M04S,Explosions In The Sky,Friday Night Lights,http://ringsushi.com/tone/seagull-bad-company-214507/,"Soundtrack, Post-rock"
Like That (feat. Gucci Mane),PT2M43S,Doja Cat,,http://ringsushi.com/tone/like-that-feat-gucci-mane-580683/,Other
Ain't Gonna Study War No More,PT1M24S,Leadbelly,The Definitive Lead Belly (CD 2),http://ringsushi.com/tone/aint-gonna-study-war-no-more-276896/,Blues
Don't Cry,PT5M44S,Mogwai,1998-02-17: Peel Session,http://ringsushi.com/tone/dont-cry-214704/,Post-Rock
Down On The Corner,PT3M16S,Bo Diddley,The Chess Years - Disc 10 of 12,http://ringsushi.com/tone/down-on-the-corner-276983/,rock
Eagle Rock Rag (Live),PT1M37S,Leadbelly,Complete Recorded Works 1939-1947 - Volume 6,http://ringsushi.com/tone/eagle-rock-rag-live-276937/,Blues
Auto Rock (Errors Remix),PT4M05S,Mogwai,Travel Is Dangerous,http://ringsushi.com/tone/auto-rock-errors-remix-214688/,Post-Rock
"The Sky Above, The Field Below",PT5M41S,Explosions In The Sky,Friday Night Lights,http://ringsushi.com/tone/the-sky-above-the-field-below-214519/,"Soundtrack, Post-rock"
Skoit 'n treid !,PT3M26S,Alan Stivell,Back to Breizh,http://ringsushi.com/tone/skoit-n-treid--307121/,"Celtic, Folk, Bretagne, World"
Say Man,PT3M16S,Bo Diddley,His Best,http://ringsushi.com/tone/say-man-277074/,Soul And R&B
Bad Side Of The Moon,PT2M53S,Bo Diddley,The Chess Years - Disc 10 of 12,http://ringsushi.com/tone/bad-side-of-the-moon-277005/,rock
Day Eight,PT2M36S,Explosions In The Sky,"Travels in Constants, Volume 21: The Rescue",http://ringsushi.com/tone/day-eight-214481/,Post-rock
Shout On (Honey I'm All Out & Down),PT2M10S,Leadbelly,The Definitive Leadbelly: 60th Anniversary Edition - CD3,http://ringsushi.com/tone/shout-on-honey-im-all-out--down-276839/,Blues
Boys From The Country Hell,PT2M56S,The Pogues,Red Roses For Me (2004 Remastered & Expanded),http://ringsushi.com/tone/boys-from-the-country-hell-306808/,Folk Rock
Dancing In The Neon Light (feat. Lena Philipsson),PT3M07S,Dead By April,Dancing In The Neon Light,http://ringsushi.com/tone/dancing-in-the-neon-light-feat-lena-philipsson-246531/,Other
Rock-n-roll,PT2M33S,Elvis Presley,,http://ringsushi.com/tone/Rock-n-roll-23628/,Other
Three Chords,PT3M54S,Chase Rice,,http://ringsushi.com/tone/three-chords-581115/,
Have You Passed Through This Night?,PT7M20S,Explosions In The Sky,"Those Who Tell the Truth Shall Die, Those Who Tell the Truth Shall Live Forever",http://ringsushi.com/tone/have-you-passed-through-this-night-214493/,Post-rock
Day One,PT4M33S,Explosions In The Sky,"Travels in Constants, Volume 21: The Rescue",http://ringsushi.com/tone/day-one-214484/,Post-rock
Streets Of Sorrow/Birmingham Six,PT4M39S,The Pogues,If I Should Fall From Grace With God (2004 Remastered & Expanded),http://ringsushi.com/tone/streets-of-sorrowbirmingham-six-306858/,Folk Rock
Tuning; Talk About Stewball / Stewball,PT3M31S,Leadbelly,"Private Party, Nov 21, 1948",http://ringsushi.com/tone/tuning-talk-about-stewball--stewball-276817/,Blues
Eagle Rock Rag (Hot Piano Rag),PT2M48S,Leadbelly,Complete Recorded Works 1939-1947 Vol 4,http://ringsushi.com/tone/eagle-rock-rag-hot-piano-rag-276919/,Blues
Day Four,PT3M00S,Explosions In The Sky,"Travels in Constants, Volume 21: The Rescue",http://ringsushi.com/tone/day-four-214483/,Post-rock
Hell's Ditch,PT3M03S,The Pogues,Hell's Ditch,http://ringsushi.com/tone/hells-ditch-306797/,Folk Rock
La Plage,PT1M58S,Yann Tiersen,,http://ringsushi.com/tone/la-plage-214896/,Other
It's Natural To Be Afraid,PT13M27S,Explosions In The Sky,All of a Sudden I Miss Everyone,http://ringsushi.com/tone/its-natural-to-be-afraid-214497/,Instrumental/Post-Rock
An Ugly Fact of Life,PT2M55S,Explosions In The Sky,Friday Night Lights,http://ringsushi.com/tone/an-ugly-fact-of-life-214477/,"Soundtrack, Post-rock"
Do The Frong,PT3M02S,Bo Diddley,The Chess Years - Disc 7 of 12,http://ringsushi.com/tone/do-the-frong-277099/,rock
Bo's Beat (with Chuck Berry),PT14M08S,Bo Diddley,The Chess Years - Disc 9 of 12,http://ringsushi.com/tone/bos-beat-with-chuck-berry-277097/,rock
Sine Wave,PT4M55S,Mogwai,Rock Action,http://ringsushi.com/tone/sine-wave-214767/,Post Rock
Letters To The Metro (Zombi Remix),PT7M22S,Mogwai,A Wrenched Virile Lore,http://ringsushi.com/tone/letters-to-the-metro-zombi-remix-214739/,Post-Rock / Space Rock
L`absente,PT3M18S,Yann Tiersen,L`Absente,http://ringsushi.com/tone/labsente-214906/,Other
Day Three,PT4M35S,Explosions In The Sky,"Travels in Constants, Volume 21: The Rescue",http://ringsushi.com/tone/day-three-214487/,Post-rock
Lodi,PT3M10S,Bo Diddley,The Chess Years - Disc 10 of 12,http://ringsushi.com/tone/lodi-277021/,rock
Ne bado ket atao,PT1M52S,Alan Stivell,E langonned,http://ringsushi.com/tone/ne-bado-ket-atao-307069/,"Celtic, Folk, Bretagne, World"
With Portfolio,PT3M14S,Mogwai,Young Team,http://ringsushi.com/tone/with-portfolio-214794/,Other
Snow And Lights,PT8M18S,Explosions In The Sky,"How Strange, Innocence",http://ringsushi.com/tone/snow-and-lights-214509/,Post-rock
"I Don't Know You, What Have I Done",PT3M11S,Leadbelly,Lead Belly's Last Sessions,http://ringsushi.com/tone/i-dont-know-you-what-have-i-done-276847/,Blues
Something Real (feat. London On Da Track & Chris Brown),PT3M03S,Summer Walker,,http://ringsushi.com/tone/something-real-feat-london-on-da-track-chris-brown-581117/,Other
Ye Banks and Braes,PT4M07S,Alan Stivell,Brian Boru,http://ringsushi.com/tone/ye-banks-and-braes-307077/,"Celtic, Folk, Bretagne, World"
When I Lay Down,PT2M38S,Leadbelly,Black folk singers (1937-1946),http://ringsushi.com/tone/when-i-lay-down-276820/,Blues
Black Betty / Old Man / On A Monday,PT2M58S,Leadbelly,Complete Recorded Works 1939-1947 - Volume 6,http://ringsushi.com/tone/black-betty--old-man--on-a-monday-276924/,Blues
La Longue Route,PT2M15S,Yann Tiersen,Tabarly,http://ringsushi.com/tone/la-longue-route-214893/,"Classical/Folk, World, & Count"
Help Out,PT2M43S,Bo Diddley,The Chess Years - Disc 5 of 12,http://ringsushi.com/tone/help-out-277068/,rock
Join The Band [4471-B-7],PT1M01S,Leadbelly,Go Down Old Hannah,http://ringsushi.com/tone/join-the-band-4471-b-7-276786/,Blues
Bedlam's Bluff,PT3M16S,Buckethead,The Cuckoo Clocks Of Hell,http://ringsushi.com/tone/bedlams-bluff-214968/,Other
Opening,PT4M14S,Explosions In The Sky,,http://ringsushi.com/tone/opening-214504/,Other
Here 'Tis,PT2M26S,Bo Diddley,The Chess Years - Disc 5 of 12,http://ringsushi.com/tone/here-tis-277020/,rock
Billy's Blues (Part 2),PT2M19S,Bo Diddley,The Chess Years - Disc 12 of 12,http://ringsushi.com/tone/billys-blues-part-2-277018/,rock
Oretown,PT3M51S,The Pogues,Pogue Mahone (2004 Remastered & Expanded),http://ringsushi.com/tone/oretown-306846/,Folk Rock
Stop My Monkey,PT2M45S,Bo Diddley,The Chess Years - Disc 7 of 12,http://ringsushi.com/tone/stop-my-monkey-277010/,rock
(Good Night) Irene (tk. 1),PT2M25S,Leadbelly,Lead Belly Complete Recorded Works 1939-1947 - Disc 2,http://ringsushi.com/tone/good-night-irene-tk-1-276905/,blues
I've Had It Hard,PT3M20S,Bo Diddley,The Chess Years - Disc 10 of 12,http://ringsushi.com/tone/ive-had-it-hard-277090/,rock
Stay Sharp,PT3M44S,Bo Diddley,The Chess Years - Disc 4 of 12,http://ringsushi.com/tone/stay-sharp-277094/,rock
Half Time,PT6M49S,Mogwai,"Zidane, A 21st Century Portrait",http://ringsushi.com/tone/half-time-214720/,Post-Rock
Quick Draw,PT1M53S,Bo Diddley,The Chess Years - Disc 4 of 12,http://ringsushi.com/tone/quick-draw-277002/,rock
Woman,PT3M07S,Bo Diddley,The Chess Years - Disc 10 of 12,http://ringsushi.com/tone/woman-277063/,rock
The Gallows Song (4473-B-2),PT4M30S,Leadbelly,The Remaining Library of Congress Recordings - Volume 5 1938-1942,http://ringsushi.com/tone/the-gallows-song-4473-b-2-276796/,Blues
Hot (The Real Booty Babes Edit,PT04M21S,Inna,The Workout Mix 2011 - CD2 By,http://ringsushi.com/tone/hot-the-real-booty-babes-edit-439318/,Other
Star Of The County Down (Traditional) (Bonus track),PT2M34S,The Pogues,Peace And Love (2005 Remastered & Expanded),http://ringsushi.com/tone/star-of-the-county-down-traditional-bonus-track-306924/,Folk Rock
Yellow Gal (v. Ledbetter),PT43S,Leadbelly,At New York Town Hall 1947,http://ringsushi.com/tone/yellow-gal-v-ledbetter-276774/,Blues/jazz
Wine,PT2M54S,B Young,,http://ringsushi.com/tone/wine-581120/,
My Babe,PT1M46S,Bo Diddley,The Chess Years - Disc 4 of 12,http://ringsushi.com/tone/my-babe-277072/,rock
Post Mortem (The Echelon Effect Remix),PT8M08S,God Is An Astronaut,,http://ringsushi.com/tone/post-mortem-the-echelon-effect-remix-214572/,Other
End,PT2M49S,Mogwai,Ten Rapid,http://ringsushi.com/tone/end-214711/,Other
The Band Played Waltzing Matilda (Eric Bogle cover),PT8M11S,The Pogues,Rum Sodomy & The Lash,http://ringsushi.com/tone/the-band-played-waltzing-matilda-eric-bogle-cover-306900/,Folk Rock
I Got To Go,PT2M42S,Bo Diddley,The Chess Years - Disc 12 of 12,http://ringsushi.com/tone/i-got-to-go-276999/,rock
Coma,PT1M17S,God Is An Astronaut,The end of the beginning,http://ringsushi.com/tone/coma-214539/,Other
Girls Need Love (Remix) (feat. Drake),PT3M42S,Summer Walker,,http://ringsushi.com/tone/girls-need-love-remix-feat-drake-581116/,
That's The Way I Wanna Rock 'N' Roll,PT3M45S,AC/DC,Are You Ready? The Very Best Of,http://ringsushi.com/tone/thats-the-way-i-wanna-rock-n-roll-575624/,Rock
"She's Got Balls (Live at the Festival Hall, Melbourne 1974)",PT7M07S,AC/DC,Transmission Impossible (Live),http://ringsushi.com/tone/shes-got-balls-live-at-the-festival-hall-melbourne-1974-562782/,Other
Ain't No Fun (Waiting Around To Be A Millionaire),PT7M29S,AC/DC,Dirty Deeds Done Dirt Cheap,http://ringsushi.com/tone/Aint_no_fun_waiting_round_to-44086/,Rock
Pollution,PT4M41S,Bo Diddley,The Chess Years - Disc 10 of 12,http://ringsushi.com/tone/pollution-276967/,rock
And The Band Played Waltzing Matilda (Eric Bogle cover) (Bonus track),PT4M52S,The Pogues,Red Roses For Me (2004 Remastered & Expanded),http://ringsushi.com/tone/and-the-band-played-waltzing-matilda-eric-bogle-cover-bonus-track-306938/,Folk Rock
Thank You Space Expert,PT7M53S,Mogwai,The Hawk Is Howling,http://ringsushi.com/tone/thank-you-space-expert-214780/,Post-rock
I Do Have Weapons,PT4M17S,Mogwai,Zidane: A 21st Century Portrait,http://ringsushi.com/tone/i-do-have-weapons-214728/,Other
I Took A Pill In Ibiza (Seeb Extended),PT4M00S,Mike Posner,I Took A Pill In Ibiza (Seeb Remix) CDS,http://ringsushi.com/tone/i-took-a-pill-in-ibiza-seeb-extended-568703/,Other
On Fire (Drug Dealer Girl Part II) (Feat. Machine Gun Kelly) (Rage To This),PT3M07S,Mike Posner,The Layover,http://ringsushi.com/tone/on-fire-drug-dealer-girl-part-ii-feat-machine-gun-kelly-rage-to-this-523510/,Hip-hop
Don't Trust Me (Benny Blanco Remix) (Feat. Kid CuDi & 3OH!3),PT2M13S,Mike Posner,One Foot Out the Door,http://ringsushi.com/tone/dont-trust-me-benny-blanco-remix-feat-kid-cudi--3oh3-523483/,Other
The Gutter,PT4M03S,Yann Tiersen,Skyline,http://ringsushi.com/tone/the-gutter-214939/,Pop Rock
Bully Of The Town,PT2M08S,Leadbelly,Lead Belly's Last Sessions,http://ringsushi.com/tone/bully-of-the-town-276801/,Blues
Mr. Tom Hughes' Town,PT3M03S,Leadbelly,Important Recordings: 1934-1949 - Disc B,http://ringsushi.com/tone/mr-tom-hughes-town-276864/,Blues
Amazing (Official version),PT29S,Inna,,http://ringsushi.com/tone/Amazing_Official_version-7000/,Other
Rollerball,PT3M46S,Mogwai,Mogwai [Import Bonus Tracks] EP,http://ringsushi.com/tone/rollerball-214762/,post-rock
Yellow Jacket,PT2M56S,Leadbelly,King of the 12-String Guitar,http://ringsushi.com/tone/yellow-jacket-276741/,Blues
Song 5,PT6M10S,Buckethead,Pike 11(Limited Edition),http://ringsushi.com/tone/song-5-214970/,Other
You Can't Judge A Book By The Cover,PT3M15S,Bo Diddley,The Chess Years - Disc 5 of 12,http://ringsushi.com/tone/you-cant-judge-a-book-by-the-cover-276948/,rock
Emergency Trap,PT3M31S,Mogwai,Mr. Beast,http://ringsushi.com/tone/emergency-trap-214710/,Post Rock
A Deafening Distance,PT3M49S,God Is An Astronaut,"All is Violent, All is Bright",http://ringsushi.com/tone/a-deafening-distance-214530/,Post Rock
Death Letter Blues - Part 1 (take 1),PT3M02S,Leadbelly,The Remaining ARC And Library Of Congress Recordings Volume 1 1934-1935,http://ringsushi.com/tone/death-letter-blues---part-1-take-1-276860/,Blues
Train Of Love,PT3M08S,The Pogues,Peace And Love (2005 Remastered & Expanded),http://ringsushi.com/tone/train-of-love-306945/,Folk Rock
Home,PT2M38S,Explosions In The Sky,Friday Night Lights Original M,http://ringsushi.com/tone/home-214494/,Other
Barnyard Banties,PT2M29S,Buckethead,It's Alive,http://ringsushi.com/tone/barnyard-banties-214964/,Rock
I Want To Go Home,PT1M26S,Leadbelly,Lead Belly's Last Sessions,http://ringsushi.com/tone/i-want-to-go-home-276934/,Blues
The Hindenburg Disaster (Pt.2),PT2M11S,Leadbelly,Important Recordings: 1934-1949 - Disc A,http://ringsushi.com/tone/the-hindenburg-disaster-pt2-276815/,Blues
Our Last Days As Children,PT2M42S,Explosions In The Sky,Friday Night Lights,http://ringsushi.com/tone/our-last-days-as-children-214505/,"Soundtrack, Post-rock"
Suite Irlandaise,PT3M05S,Alan Stivell,The Best of,http://ringsushi.com/tone/suite-irlandaise-307051/,"Celtic, Folk, Bretagne, World"
Back Home,PT2M29S,Bo Diddley,The Chess Years - Disc 4 of 12,http://ringsushi.com/tone/back-home-277017/,rock
I Ain't Gonna Drink Anymore,PT2M38S,Leadbelly,Lead Belly's Last Sessions,http://ringsushi.com/tone/i-aint-gonna-drink-anymore-276920/,Blues
Sayonara,PT3M07S,The Pogues,Hell's Ditch,http://ringsushi.com/tone/sayonara-306774/,Folk Rock
Close Encounters,PT3M56S,Mogwai,Rock Action,http://ringsushi.com/tone/close-encounters-214696/,Post Rock
A Pistol For Paddy Garcia,PT2M32S,The Pogues,Rum Sodomy & The Lash,http://ringsushi.com/tone/a-pistol-for-paddy-garcia-306828/,Folk Rock
Infinity,PT2M48S,The Pogues,Hell's Ditch (2005 Remastered & Expanded),http://ringsushi.com/tone/infinity-306929/,Folk Rock
Outshine The Sun [2502-A-2],PT2M53S,Leadbelly,Nobody Knows The Trouble I've Seen,http://ringsushi.com/tone/outshine-the-sun-2502-a-2-276788/,Blues
Djadja,PT2M51S,Aya Nakamura,,http://ringsushi.com/tone/djadja-580689/,Other
"Swing Low, Sweet Chariot",PT1M06S,Leadbelly,Lead Belly Sings for Children,http://ringsushi.com/tone/swing-low-sweet-chariot-276793/,Folk
Tamm ha tamm,PT3M16S,Alan Stivell,Emerald,http://ringsushi.com/tone/tamm-ha-tamm-307073/,"Celtic, Folk, Bretagne, World"
Who May Your Lover Be,PT2M54S,Bo Diddley,The Chess Years - Disc 5 of 12,http://ringsushi.com/tone/who-may-your-lover-be-277013/,rock
Binge And Grab (Instrumental Version),PT5M18S,Buckethead,Giant Robot,http://ringsushi.com/tone/binge-and-grab-instrumental-version-214974/,Instrumental Rock
Marionig,PT3M30S,Alan Stivell,Emerald,http://ringsushi.com/tone/marionig-307045/,"Celtic, Folk, Bretagne, World"
Let Me Pass,PT2M34S,Bo Diddley,The Chess Years - Disc 7 of 12,http://ringsushi.com/tone/let-me-pass-276946/,rock
Duncan and Brady (Acapella),PT1M09S,Leadbelly,Where Did You Sleep Last Night? - Lead Belly Legacy Volume 1,http://ringsushi.com/tone/duncan-and-brady-acapella-276932/,Folk
Camaalot (Hymn 1),PT3M24S,Alan Stivell,The Mist of Avalon,http://ringsushi.com/tone/camaalot-hymn-1-307034/,"Celtic, Folk, Bretagne, World"
Elephant Man,PT4M27S,Bo Diddley,The Chess Years - Disc 9 of 12,http://ringsushi.com/tone/elephant-man-276984/,rock
Fireball,PT2M50S,Bo Diddley,The Chess Years - Disc 7 of 12,http://ringsushi.com/tone/fireball-277057/,rock
Whiskey In The Jar (Traditional),PT2M42S,The Pogues,Hell's Ditch (2005 Remastered & Expanded),http://ringsushi.com/tone/whiskey-in-the-jar-traditional-306914/,Folk Rock
Beaten With Sledges,PT2M52S,Buckethead,The Cuckoo Clocks Of Hell,http://ringsushi.com/tone/beaten-with-sledges-214967/,Other
Mogwai Fear Satan,PT16M20S,Mogwai,Young Team,http://ringsushi.com/tone/mogwai-fear-satan-214747/,Post-Rock
Elnora (150-B-2),PT3M23S,Leadbelly,The Remaining Library of Congress Recordings - Volume 3,http://ringsushi.com/tone/elnora-150-b-2-276802/,Blues
Motherless Children Alt. Take 2,PT2M31S,Leadbelly,Black folk singers (1937-1946),http://ringsushi.com/tone/motherless-children-alt-take-2-276762/,Blues
Paris St. Germaine,PT3M04S,The Pogues,Waiting For Herb (2004 Remastered & Expanded),http://ringsushi.com/tone/paris-st-germaine-306922/,Folk Rock
Vers les iles et villes de verre,PT3M45S,Alan Stivell,Back to Breizh,http://ringsushi.com/tone/vers-les-iles-et-villes-de-verre-307003/,"Celtic, Folk, Bretagne, World"
Leaving On The Morning Train Blues,PT9M47S,Leadbelly,Important Recordings: 1934-1949 - Disc A,http://ringsushi.com/tone/leaving-on-the-morning-train-blues-276834/,Blues
Reves (Hunvreou),PT3M22S,Alan Stivell,Back to Breizh,http://ringsushi.com/tone/reves-hunvreou-307024/,"Celtic, Folk, Bretagne, World"
Angels Versus Aliens,PT5M37S,Mogwai,Ten Rapid,http://ringsushi.com/tone/angels-versus-aliens-214687/,Indie
Glasgow Mega-Snake,PT3M35S,Mogwai,Mr. Beast,http://ringsushi.com/tone/glasgow-mega-snake-214717/,Alternative
Ain't Goin Down To The Well No More,PT2M46S,Leadbelly,Lead Belly's Last Sessions,http://ringsushi.com/tone/aint-goin-down-to-the-well-no-more-276799/,Blues
Hello Central (996-A-1),PT2M46S,Leadbelly,The Remaining Library of Congress Recordings - Volume 4,http://ringsushi.com/tone/hello-central-996-a-1-276781/,Blues
Strange Steps,PT5M05S,God Is An Astronaut,Origins,http://ringsushi.com/tone/strange-steps-214584/,Other
Deed And Deed I Do,PT2M22S,Bo Diddley,The Chess Years - Disc 3 of 12,http://ringsushi.com/tone/deed-and-deed-i-do-276997/,rock
Geronimo,PT1M56S,Yann Tiersen,Black Session,http://ringsushi.com/tone/geronimo-214879/,Other
Ain't Gonna Let You Worry My Life No More (WNYC Jazz-Festival),PT2M20S,Leadbelly,Complete Recorded Works 1947-1949 Volume 7,http://ringsushi.com/tone/aint-gonna-let-you-worry-my-life-no-more-wnyc-jazz-festival-276895/,Blues
You Don't Love Me (You Don't Care),PT2M54S,Bo Diddley,His Best,http://ringsushi.com/tone/you-dont-love-me-you-dont-care-276970/,Soul And R&B
The Gentleman Soldier (Traditional) (The Pogues' Version),PT2M05S,The Pogues,Rum Sodomy & The Lash (2004 Remastered & Expanded),http://ringsushi.com/tone/the-gentleman-soldier-traditional-the-pogues-version-306882/,Folk Rock
The Ghost Of A Smile,PT2M59S,The Pogues,Hell's Ditch,http://ringsushi.com/tone/the-ghost-of-a-smile-306790/,Folk Rock
Christmas Song,PT3M27S,Mogwai,EP+6,http://ringsushi.com/tone/christmas-song-214694/,Post-Rock
Monuments,PT3M53S,Yann Tiersen,Skyline,http://ringsushi.com/tone/monuments-214922/,Pop Rock
Red Cross Store,PT3M06S,Leadbelly,The Definitive Leadbelly: 60th Anniversary Edition - CD2,http://ringsushi.com/tone/red-cross-store-276853/,Blues
The Story of Bo Diddley,PT2M54S,Bo Diddley,His Best,http://ringsushi.com/tone/the-story-of-bo-diddley-277107/,Soul And R&B
Easy,PT2M53S,Bo Diddley,The Chess Years - Disc 7 of 12,http://ringsushi.com/tone/easy-277085/,rock
Turkish Song Of The Damned,PT3M28S,The Pogues,If I Should Fall From Grace With God,http://ringsushi.com/tone/turkish-song-of-the-damned-306782/,Folk Rock
Another Sugar Daddy,PT2M51S,Bo Diddley,The Chess Years - Disc 9 of 12,http://ringsushi.com/tone/another-sugar-daddy-276949/,rock
Julie Ann Johnson (998-A-2),PT1M01S,Leadbelly,The Remaining Library of Congress Recordings - Volume 4,http://ringsushi.com/tone/julie-ann-johnson-998-a-2-276833/,Blues
No More Blues No More Bread Lines,PT2M47S,Leadbelly,Black folk singers (1937-1946),http://ringsushi.com/tone/no-more-blues-no-more-bread-lines-276856/,Blues
New Paths To Helicon Pt II,PT2M54S,Mogwai,Government Commissions BBC Sessions 1996-2003,http://ringsushi.com/tone/new-paths-to-helicon-pt-ii-214749/,Rock
The Eagle Rocks,PT2M45S,Leadbelly,Complete Recorded Works 1939-1947 Vol 4,http://ringsushi.com/tone/the-eagle-rocks-276925/,Blues
Free And Equal Blues,PT4M27S,Leadbelly,Black folk singers (1937-1946),http://ringsushi.com/tone/free-and-equal-blues-276928/,Blues
Tempus Horizon,PT5M08S,God Is An Astronaut,Far From Refuge,http://ringsushi.com/tone/tempus-horizon-214589/,Post-Rock
Day Seven,PT4M23S,Explosions In The Sky,"Travels in Constants, Volume 21: The Rescue",http://ringsushi.com/tone/day-seven-214485/,Post-rock
The Ancient Celts - Ar Gelted kozh,PT4M21S,Alan Stivell,Before landing,http://ringsushi.com/tone/the-ancient-celts---ar-gelted-kozh-306999/,"Celtic, Folk, Bretagne, World"
A Real Diamond In The Rough,PT4M08S,Buckethead,A Real Diamond In The Rough,http://ringsushi.com/tone/a-real-diamond-in-the-rough-214947/,Other
Tabarly,PT3M05S,Yann Tiersen,Tabarly,http://ringsushi.com/tone/tabarly-214937/,Other
Whoa Mule (Shine),PT2M29S,Bo Diddley,The Chess Years - Disc 3 of 12,http://ringsushi.com/tone/whoa-mule-shine-277095/,rock
Nobody's Knows You When You're Down And Out,PT3M19S,Leadbelly,Lead Belly's Last Sessions,http://ringsushi.com/tone/nobodys-knows-you-when-youre-down-and-out-276787/,Blues
"With Tired Eyes, Tired Minds, Tired Souls, We Slept",PT12M05S,Explosions In The Sky,"Those Who Tell the Truth Shall Die, Those Who Tell the Truth Shall Live Forever",http://ringsushi.com/tone/with-tired-eyes-tired-minds-tired-souls-we-slept-214525/,Indie
The Battle March Medley,PT4M10S,The Pogues,If I Should Fall From Grace With God,http://ringsushi.com/tone/the-battle-march-medley-306891/,Folk Rock
The Parting Glass (Traditional),PT2M15S,The Pogues,Rum Sodomy & The Lash (2004 Remastered & Expanded),http://ringsushi.com/tone/the-parting-glass-traditional-306951/,Folk Rock
Ratts Of The Capital,PT8M25S,Mogwai,Happy Songs For Happy People,http://ringsushi.com/tone/ratts-of-the-capital-214758/,Post-Rock
Piils (Love's Labours Lost),PT2M51S,Bo Diddley,The Chess Years - Disc 4 of 12,http://ringsushi.com/tone/piils-loves-labours-lost-277102/,rock
The Blood Done Sign My Name (Ain't You Glad),PT2M21S,Leadbelly,Complete Recorded Works 1939-1947 Vol 4,http://ringsushi.com/tone/the-blood-done-sign-my-name-aint-you-glad-276814/,Blues
I Can't Remember,PT3M14S,Mogwai,Young Team,http://ringsushi.com/tone/i-cant-remember-214727/,Alternative
Rock Of Ages (2023-A),PT9M24S,Leadbelly,The Remaining Library of Congress Recordings - Volume 4,http://ringsushi.com/tone/rock-of-ages-2023-a-276879/,Blues
Jack Daniel's Showed Up,PT3M04S,Chase Rice,,http://ringsushi.com/tone/jack-daniels-showed-up-581112/,Other
Lonely If You Are,PT2M57S,Chase Rice,,http://ringsushi.com/tone/lonely-if-you-are-581045/,Other
He Never Said A Mumbling Word,PT2M50S,Leadbelly,Lead Belly's Last Sessions,http://ringsushi.com/tone/he-never-said-a-mumbling-word-276806/,Blues
You Want It,PT3M41S,Cheap Trick,"Sex, America, Cheap Trick (Disc 4)",http://ringsushi.com/tone/you-want-it-214469/,Rock
Wild Cats Of Kilkenny,PT2M49S,The Pogues,Rum Sodomy & The Lash,http://ringsushi.com/tone/wild-cats-of-kilkenny-306792/,Folk Rock
No Buses,PT3M17S,Arctic Monkeys,Who The Fuck Are Arctic Monkeys,http://ringsushi.com/tone/no_buses-169942/,Alternative
Not Guilty,PT2M10S,Bo Diddley,The Chess Years - Disc 4 of 12,http://ringsushi.com/tone/not-guilty-277037/,rock
Remember Me As A Time Of Day,PT5M19S,Explosions In The Sky,"How Strange, Innocence",http://ringsushi.com/tone/remember-me-as-a-time-of-day-214506/,Post-Rock
Sylvie,PT1M00S,Leadbelly,The Definitive Leadbelly,http://ringsushi.com/tone/sylvie-276868/,Blues
Arrival On The Island,PT1M04S,Yann Tiersen,The Lighthouse / Everything's Calm,http://ringsushi.com/tone/arrival-on-the-island-214856/,Alternative
Hey Good Lookin',PT2M52S,Bo Diddley,The Chess Years - Disc 6 of 12,http://ringsushi.com/tone/hey-good-lookin-277042/,rock
Sitting On Top Of The World,PT3M38S,The Pogues,Waiting For Herb (2004 Remastered & Expanded),http://ringsushi.com/tone/sitting-on-top-of-the-world-306814/,Folk Rock
Take Me Somewhere Nice,PT6M57S,Mogwai,Rock Action,http://ringsushi.com/tone/take-me-somewhere-nice-214778/,Other
Day Five,PT4M36S,Explosions In The Sky,"Travels in Constants, Volume 21: The Rescue",http://ringsushi.com/tone/day-five-214482/,Post-rock
Hey Bo Diddley (Live),PT3M08S,Bo Diddley,The Chess Years - Disc 6 of 12,http://ringsushi.com/tone/hey-bo-diddley-live-276940/,rock
He Was The Man,PT3M48S,Leadbelly,Lead Belly's Last Sessions,http://ringsushi.com/tone/he-was-the-man-276861/,Blues
"Haul Me Away, Joe",PT2M16S,Leadbelly,Lead Belly Complete Recorded Works 1939-1947 - Disc 2,http://ringsushi.com/tone/haul-me-away-joe-276805/,blues
Rain Street,PT3M52S,The Pogues,"Streams Of Whiskey - Live In Leysin, Switzerland 1991",http://ringsushi.com/tone/rain-street-306813/,Folk Rock
Earth Division,PT6M01S,Mogwai,,http://ringsushi.com/tone/earth-division-214709/,Other
Hey Red Riding Hood,PT3M02S,Bo Diddley,The Chess Years - Disc 7 of 12,http://ringsushi.com/tone/hey-red-riding-hood-276986/,rock
A Lesson In History,PT1M52S,Leadbelly,"Private Party, Nov 21, 1948",http://ringsushi.com/tone/a-lesson-in-history-276871/,Blues
Sketches Of Spain,PT2M15S,The Pogues,If I Should Fall From Grace With God (2004 Remastered & Expanded),http://ringsushi.com/tone/sketches-of-spain-306948/,Folk Rock
Summer 78 (10dens Remix),PT6M02S,Yann Tiersen,,http://ringsushi.com/tone/summer-78-10dens-remix-214935/,Other
Greet Death,PT7M19S,Explosions In The Sky,"Those Who Tell The Truth Shall Die, Those Who Tell The Truth Shall Live Forever",http://ringsushi.com/tone/greet-death-214492/,Other
Live My Life,PT2M39S,Bo Diddley,The Chess Years - Disc 3 of 12,http://ringsushi.com/tone/live-my-life-276966/,rock
Out on the Western Plains,PT1M34S,Leadbelly,"Bourgeois Blues: Lead Belly Legacy, Volume 2",http://ringsushi.com/tone/out-on-the-western-plains-276891/,Blues
He's So Mad,PT2M53S,Bo Diddley,The Chess Years - Disc 7 of 12,http://ringsushi.com/tone/hes-so-mad-276998/,rock
Salt Lake City (New York City),PT1M41S,Leadbelly,Bridging Lead Belly,http://ringsushi.com/tone/salt-lake-city-new-york-city-276769/,Blues
Worms (Traditional),PT1M05S,The Pogues,If I Should Fall From Grace With God (2004 Remastered & Expanded),http://ringsushi.com/tone/worms-traditional-306903/,Folk Rock
Duncan (And Brady),PT1M08S,Leadbelly,Complete Recorded Works 1939-1947 - Volume 6,http://ringsushi.com/tone/duncan-and-brady-276886/,Blues
"Sail On, Little Girl [4470-A-1]",PT5M30S,Leadbelly,The Titanic,http://ringsushi.com/tone/sail-on-little-girl-4470-a-1-276838/,Blues
Your Hand In Mine (Piano Version),PT5M18S,Explosions In The Sky,,http://ringsushi.com/tone/your-hand-in-mine-piano-version-214527/,Other
Aquabot,PT5M57S,Buckethead,Giant Robot,http://ringsushi.com/tone/aquabot-214953/,Other
Pachinko,PT3M11S,The Pogues,Waiting For Herb (2004 Remastered & Expanded),http://ringsushi.com/tone/pachinko-306870/,Folk Rock
Stereodee,PT13M39S,Mogwai,EP+6,http://ringsushi.com/tone/stereodee-214773/,post-rock
Talk About Louisiana And Governor Allen / Governor O.K. Allen,PT4M35S,Leadbelly,"Private Party, Nov 21, 1948",http://ringsushi.com/tone/talk-about-louisiana-and-governor-allen--governor-ok-allen-276870/,Blues
Matchbox Blues (141-B),PT4M41S,Leadbelly,The Remaining Library of Congress Recordings - Volume 2 1935,http://ringsushi.com/tone/matchbox-blues-141-b-276809/,Blues
Ain't It A Shame To Go Fishin' On A Sunday,PT1M22S,Leadbelly,Lead Belly's Last Sessions,http://ringsushi.com/tone/aint-it-a-shame-to-go-fishin-on-a-sunday-276913/,Blues
Once Upon A Time,PT3M56S,The Pogues,Waiting For Herb (2004 Remastered & Expanded),http://ringsushi.com/tone/once-upon-a-time-306803/,Folk Rock
Cause I Need You,PT4M18S,Dead By April,Let the World Know,http://ringsushi.com/tone/cause-i-need-you-246581/,Other
Oh! How The Dogs Stack Up,PT2M04S,Mogwai,Come on Die Young,http://ringsushi.com/tone/oh-how-the-dogs-stack-up-214751/,Post-Rock
Come Thru (feat. Usher),PT3M01S,Summer Walker,,http://ringsushi.com/tone/come-thru-feat-usher-581119/,
Mona [Aka I Need You Baby],PT2M23S,Bo Diddley,His Best,http://ringsushi.com/tone/mona-aka-i-need-you-baby-277051/,Soul And R&B
National Defence,PT3M00S,Leadbelly,The Definitive Leadbelly: 60th Anniversary Edition - CD1,http://ringsushi.com/tone/national-defence-276836/,Blues
Modern World,PT3M55S,The Pogues,Waiting For Herb (2004 Remastered & Expanded),http://ringsushi.com/tone/modern-world-306854/,Folk Rock
Y.O.Y.O.Y.,PT4M55S,Cheap Trick,Next Position Please,http://ringsushi.com/tone/yoyoy-214472/,rock
One Meat Ball,PT3M15S,Leadbelly,Black folk singers (1937-1946),http://ringsushi.com/tone/one-meat-ball-276890/,Blues
The christmas song (Thunderpuss 2000 Holiday remix),PT4M04S,Christina Aguilera,The christmas song EP,http://ringsushi.com/tone/the-christmas-song-thunderpuss-2000-holiday-remix-554472/,House
Burn It To The Ground (OST Transformers 2: Revenge of the Fallen ),PT3M30S,Nickelback,,http://ringsushi.com/tone/Burn_It_To_The_Ground_OST_Transformers_2_Revenge_of_the_Fallen_-5393/,Other
Britons exile to Armorica,PT1M26S,Alan Stivell,Before landing,http://ringsushi.com/tone/britons-exile-to-armorica-307033/,"Celtic, Folk, Bretagne, World"
Ffarwell i aberystwyth,PT2M16S,Alan Stivell,E langonned,http://ringsushi.com/tone/ffarwell-i-aberystwyth-307112/,"Celtic, Folk, Bretagne, World"
Gwine Dig A Hole To Put The Devil In (142-B-1),PT2M33S,Leadbelly,The Remaining Library of Congress Recordings - Volume 2 1935,http://ringsushi.com/tone/gwine-dig-a-hole-to-put-the-devil-in-142-b-1-276827/,Blues
Ol' Riley,PT2M33S,Leadbelly,Lead Belly Complete Recorded Works 1939-1947 - Disc 2,http://ringsushi.com/tone/ol-riley-276850/,blues
Don't Lie Buddy (With Josh White),PT2M23S,Leadbelly,Complete Recorded Works 1939-1947 Volume 2 - C. October 1943 To 25 April 1944,http://ringsushi.com/tone/dont-lie-buddy-with-josh-white-276750/,Blues
Tracy,PT7M20S,Mogwai,Young Team,http://ringsushi.com/tone/tracy-214787/,Post-Rock
Gavotenn pourled,PT1M53S,Alan Stivell,E langonned,http://ringsushi.com/tone/gavotenn-pourled-307011/,"Celtic, Folk, Bretagne, World"
Bo's Waltz (Live),PT3M24S,Bo Diddley,The Chess Years - Disc 6 of 12,http://ringsushi.com/tone/bos-waltz-live-276996/,rock
Yeah Yeah,PT3M13S,Cheap Trick,Cheap Trick,http://ringsushi.com/tone/yeah-yeah-214468/,Other
Shape I'm In,PT3M21S,Bo Diddley,The Chess Years - Disc 10 of 12,http://ringsushi.com/tone/shape-im-in-276957/,rock
Parting Song (When You Smile-o),PT2M54S,Leadbelly,Complete Recorded Works 1947-1949 Volume 7,http://ringsushi.com/tone/parting-song-when-you-smile-o-276883/,Blues
We're Gonna Get Married,PT2M32S,Bo Diddley,The Chess Years - Disc 7 of 12,http://ringsushi.com/tone/were-gonna-get-married-277082/,rock
The Trial,PT5M53S,Yann Tiersen,Skyline,http://ringsushi.com/tone/the-trial-214942/,Alternative
Drum Machine,PT3M32S,Mogwai,Unreleased,http://ringsushi.com/tone/drum-machine-214706/,Other
Jesse James (Traditional),PT2M58S,The Pogues,Rum Sodomy & The Lash (2004 Remastered & Expanded),http://ringsushi.com/tone/jesse-james-traditional-306844/,Folk Rock
I'm Looking for a Woman,PT2M35S,Bo Diddley,His Best,http://ringsushi.com/tone/im-looking-for-a-woman-277016/,Soul And R&B
Palestine,PT4M31S,Yann Tiersen,Dust Lane,http://ringsushi.com/tone/palestine-214927/,Other
Travel Is Dangerous,PT4M01S,Mogwai,Mr. Beast,http://ringsushi.com/tone/travel-is-dangerous-214788/,Post/Exp./Instr./Prog.
House Of The Gods,PT3M47S,The Pogues,Hell's Ditch,http://ringsushi.com/tone/house-of-the-gods-306867/,Folk Rock
Rage: Man,PT5M05S,Mogwai,EP 6,http://ringsushi.com/tone/rage-man-214755/,Other
Scuttle Bug,PT2M23S,Bo Diddley,The Chess Years - Disc 3 of 12,http://ringsushi.com/tone/scuttle-bug-276978/,rock
The Birth and Death of the Day (Jesu Mix),PT9M48S,Explosions In The Sky,All of a Sudden I Miss Everyone (Bonus Disc),http://ringsushi.com/tone/the-birth-and-death-of-the-day-jesu-mix-214513/,Post-rock
Amadie,PT1M53S,The Pogues,Pogue Mahone (2004 Remastered & Expanded),http://ringsushi.com/tone/amadie-306807/,Folk Rock
Cody,PT6M33S,Mogwai,Come on Die Young,http://ringsushi.com/tone/cody-214697/,Post-Rock
Evil Hearted Man,PT2M56S,Leadbelly,Black folk singers (1937-1946),http://ringsushi.com/tone/evil-hearted-man-276880/,Blues
The girl you lost to cocaine (Sander Van Doorn remix),PT4M38S,Sia,Clubbin\\' vol.2 (CD 02),http://ringsushi.com/tone/the-girl-you-lost-to-cocaine-sander-van-doorn-remix-191169/,Other
I Drink To Get Drunk,PT3M23S,Sia,Ministry Of Sound - The Chillout Sessions Vol 3 Cd1,http://ringsushi.com/tone/i-drink-to-get-drunk-191139/,Other
The Wake Of The Medusa,PT3M05S,The Pogues,Hell's Ditch,http://ringsushi.com/tone/the-wake-of-the-medusa-306861/,Folk Rock
Soul Train,PT2M49S,Bo Diddley,The Chess Years - Disc 9 of 12,http://ringsushi.com/tone/soul-train-276979/,rock
"Baby, Don't You Love Me No More?",PT2M55S,Leadbelly,The Remaining ARC And Library Of Congress Recordings Volume 1 1934-1935,http://ringsushi.com/tone/baby-dont-you-love-me-no-more-276842/,Blues
The Poor Man's Memory,PT6M05S,Explosions In The Sky,"Those Who Tell The Truth Shall Die, Those Who Tell The Truth Shall Live Forever",http://ringsushi.com/tone/the-poor-mans-memory-214518/,Post Rock
Little Sally Walker-Ha Ha Thisaway-Red Bird,PT2M38S,Leadbelly,Complete Recorded Works 1939-1947 Volume 2 - C. October 1943 To 25 April 1944,http://ringsushi.com/tone/little-sally-walker-ha-ha-thisaway-red-bird-276849/,Blues
Little John Henry [2503-A-2],PT2M36S,Leadbelly,Nobody Knows The Trouble I've Seen,http://ringsushi.com/tone/little-john-henry-2503-a-2-276835/,Blues
When The Saints Go Marching In,PT2M54S,Bo Diddley,The Chess Years - Disc 6 of 12,http://ringsushi.com/tone/when-the-saints-go-marching-in-277083/,rock
17 Number 12 Train,PT3M40S,Leadbelly,Black folk singers (1937-1946),http://ringsushi.com/tone/17-number-12-train-276792/,Blues
Give Me A Break (Man),PT2M05S,Bo Diddley,The Chess Years - Disc 5 of 12,http://ringsushi.com/tone/give-me-a-break-man-276985/,rock
Ella Louise,PT2M40S,Leadbelly,"Leadbelly Live New York 1947 Austin, Texas 1949",http://ringsushi.com/tone/ella-louise-276752/,Folk
Rock 'N' Roll,PT2M44S,Bo Diddley,The Chess Years - Disc 5 of 12,http://ringsushi.com/tone/rock-n-roll-276968/,rock
Cheyenne,PT2M01S,Bo Diddley,The Chess Years - Disc 3 of 12,http://ringsushi.com/tone/cheyenne-277098/,rock
Gimme Gimme,PT1M59S,Bo Diddley,The Chess Years - Disc 5 of 12,http://ringsushi.com/tone/gimme-gimme-277087/,rock
I'm Going Back Down In Louisiana,PT29S,Leadbelly,Lead Belly's Last Sessions,http://ringsushi.com/tone/im-going-back-down-in-louisiana-276830/,Blues
Hello Central,PT5M29S,Leadbelly,Lead Belly's Last Sessions,http://ringsushi.com/tone/hello-central-276807/,Blues
I'm A Man (Alt),PT3M08S,Bo Diddley,The Chess Years - Disc 12 of 12,http://ringsushi.com/tone/im-a-man-alt-276942/,rock
Ride On Josephine,PT3M03S,Bo Diddley,The Chess Years - Disc 3 of 12,http://ringsushi.com/tone/ride-on-josephine-277047/,rock
Scottsboro Boys,PT5M01S,Leadbelly,The Definitive Leadbelly: 60th Anniversary Edition - CD1,http://ringsushi.com/tone/scottsboro-boys-276893/,Blues
Funky Fly,PT3M09S,Bo Diddley,The Chess Years - Disc 9 of 12,http://ringsushi.com/tone/funky-fly-277033/,rock
Look At Grandma,PT3M30S,Bo Diddley,The Chess Years - Disc 10 of 12,http://ringsushi.com/tone/look-at-grandma-277045/,rock
25 Cent Dude,PT2M20S,Leadbelly,Lead Belly's Last Sessions,http://ringsushi.com/tone/25-cent-dude-276742/,Blues
Mother's Journey,PT1M29S,Yann Tiersen,"Good Bye, Lenin!",http://ringsushi.com/tone/mothers-journey-214924/,Other
I'm Sweet On You Baby,PT2M35S,Bo Diddley,The Chess Years - Disc 12 of 12,http://ringsushi.com/tone/im-sweet-on-you-baby-276965/,rock
Star Wars,PT5M47S,Mogwai,Rock Action Presents Vol. 1,http://ringsushi.com/tone/star-wars-214772/,Post-Rock
Bwthyn fy nain,PT1M28S,Alan Stivell,E langonned,http://ringsushi.com/tone/bwthyn-fy-nain-307080/,"Celtic, Folk, Bretagne, World"
Signifying Blues,PT2M38S,Bo Diddley,The Chess Years - Disc 3 of 12,http://ringsushi.com/tone/signifying-blues-276958/,rock
Till The End,PT7M49S,Yann Tiersen,Dust Lane,http://ringsushi.com/tone/till-the-end-214943/,Other
Last Christmas Children (DJ's From Mars Bootleg Remix) (Radio Record) (Feat. Robert Miles),PT5M42S,Wham!,,http://ringsushi.com/tone/last-christmas-children-djs-from-mars-bootleg-remix-radio-record-feat-robert-miles-553858/,Other
A Day Will Come,PT8M35S,Buckethead,Population Override,http://ringsushi.com/tone/a-day-will-come-214946/,Rock
Goin' Back To Mary (If I Had You Governor - Governor Pat Neff),PT3M43S,Leadbelly,Complete Recorded Works 1947-1949 Volume 7,http://ringsushi.com/tone/goin-back-to-mary-if-i-had-you-governor---governor-pat-neff-276780/,Blues
Jo-Ann,PT2M26S,Bo Diddley,The Chess Years - Disc 6 of 12,http://ringsushi.com/tone/jo-ann-277071/,rock
Pretty Thing,PT2M52S,Bo Diddley,His Best,http://ringsushi.com/tone/pretty-thing-276992/,Soul And R&B
Signal Rays,PT4M07S,God Is An Astronaut,Origins,http://ringsushi.com/tone/signal-rays-214582/,Other
You Can't Lose-a-Me Cholly,PT3M05S,Leadbelly,Take This Hammer,http://ringsushi.com/tone/you-cant-lose-a-me-cholly-276910/,Folk
Children's Blues (Little Children's Blues),PT2M29S,Leadbelly,Complete Recorded Works 1939-1947 Vol 4,http://ringsushi.com/tone/childrens-blues-little-childrens-blues-276778/,Blues
Dial: Revenge,PT3M28S,Mogwai,Rock Action,http://ringsushi.com/tone/dial-revenge-214701/,Other
Inside It All Feels The Same,PT4M24S,Explosions In The Sky,Friday Night Lights,http://ringsushi.com/tone/inside-it-all-feels-the-same-214496/,Post Rock
Killing All The Flies,PT4M35S,Mogwai,Happy Songs For Happy People,http://ringsushi.com/tone/killing-all-the-flies-214737/,Other
Kansas City Papa (take 1),PT2M52S,Leadbelly,The Remaining ARC And Library Of Congress Recordings Volume 1 1934-1935,http://ringsushi.com/tone/kansas-city-papa-take-1-276881/,Blues
Red River Blues,PT3M00S,Leadbelly,Important Recordings: 1934-1949 - Disc B,http://ringsushi.com/tone/red-river-blues-276768/,Blues
Glittering Blackness,PT11M31S,Explosions In The Sky,"Live at KVRX, 04-07-1999",http://ringsushi.com/tone/glittering-blackness-214491/,Post Rock/Math Rock
Po Howard,PT3M04S,Leadbelly,The Definitive Leadbelly: 60th Anniversary Edition - CD3,http://ringsushi.com/tone/po-howard-276877/,Blues
It Was Early One Mornin' (Jail House Blues),PT2M27S,Leadbelly,Complete Recorded Works 1947-1949 Volume 7,http://ringsushi.com/tone/it-was-early-one-mornin-jail-house-blues-276759/,Blues
Bad Moon Rising,PT2M39S,Bo Diddley,The Chess Years - Disc 10 of 12,http://ringsushi.com/tone/bad-moon-rising-276971/,rock
Leavin' Blues (Leavin' In The Morning),PT1M31S,Leadbelly,Complete Recorded Works 1939-1947 - Volume 6,http://ringsushi.com/tone/leavin-blues-leavin-in-the-morning-276907/,Blues
New Patek,PT5M43S,Lil Uzi Vert,New Patek (Single 2018),http://ringsushi.com/tone/new-patek-578987/,Rap
You Was Right,PT2M44S,Lil Uzi Vert,Lil Uzi Vert vs. the World,http://ringsushi.com/tone/you-was-right-568360/,Hip-hop
Moses? I Amn't,PT3M01S,Mogwai,Happy Songs for Happy People,http://ringsushi.com/tone/moses-i-amnt-214748/,Rock
Soul Food,PT2M41S,Bo Diddley,The Chess Years - Disc 7 of 12,http://ringsushi.com/tone/soul-food-276969/,rock
Death Letter Blues - Part 2 (take 1),PT3M02S,Leadbelly,The Remaining ARC And Library Of Congress Recordings Volume 1 1934-1935,http://ringsushi.com/tone/death-letter-blues---part-2-take-1-276872/,Blues
Happy Days,PT2M10S,Yann Tiersen,The Lighthouse / Everything's Calm,http://ringsushi.com/tone/happy-days-214882/,Alternative
"4, 5, and 9",PT2M37S,Leadbelly,Where Did You Sleep Last Night? - Lead Belly Legacy Volume 1,http://ringsushi.com/tone/4-5-and-9-276927/,Folk
The Birth and Death of the Day,PT7M50S,Explosions In The Sky,Life Cycles Soundtrack,http://ringsushi.com/tone/the-birth-and-death-of-the-day-214514/,Other
Bottle Up and Go (v. Ledbetter),PT1M13S,Leadbelly,At New York Town Hall 1947,http://ringsushi.com/tone/bottle-up-and-go-v-ledbetter-276777/,Blues/jazz
You're All Talk,PT3M30S,Cheap Trick,In Color,http://ringsushi.com/tone/youre-all-talk-214471/,Other
Root Hoot,PT3M16S,Bo Diddley,The Chess Years - Disc 7 of 12,http://ringsushi.com/tone/root-hoot-277025/,rock
Lorca's Novena,PT4M41S,The Pogues,Hell's Ditch,http://ringsushi.com/tone/lorcas-novena-306811/,Folk Rock
Summer,PT3M42S,Calvin Harris,Summer,http://ringsushi.com/tone/summer-262262/,Other
"Welcome, Ghosts (Adem Mix)",PT6M24S,Explosions In The Sky,All of a Sudden I Miss Everyone (Bonus Disc),http://ringsushi.com/tone/welcome-ghosts-adem-mix-214522/,Other
Bring It to Jerome,PT2M30S,Bo Diddley,His Best,http://ringsushi.com/tone/bring-it-to-jerome-277004/,Soul And R&B
The Moon Is Down,PT10M03S,Explosions In The Sky,"Those Who Tell The Truth Shall Die, Those Who Tell The Truth Shall Live Forever",http://ringsushi.com/tone/the-moon-is-down-214516/,Postrock
Forgive Me,PT5M56S,Yann Tiersen,Skyline,http://ringsushi.com/tone/forgive-me-214875/,Pop Rock
Po' Howard (139-B),PT3M08S,Leadbelly,The Remaining Library of Congress Recordings - Volume 2 1935,http://ringsushi.com/tone/po-howard-139-b-276790/,Blues
500% More Man,PT2M54S,Bo Diddley,The Chess Years - Disc 7 of 12,http://ringsushi.com/tone/500-more-man-277064/,rock
Sarah Garland) (2020-A),PT3M45S,Leadbelly,The Remaining Library of Congress Recordings - Volume 4,http://ringsushi.com/tone/sarah-garland-2020-a-276867/,Blues
Four O'Clock In The Morning,PT3M12S,The Pogues,Pogue Mahone (2004 Remastered & Expanded),http://ringsushi.com/tone/four-oclock-in-the-morning-306875/,Folk Rock
Suite des montagnes,PT3M38S,Alan Stivell,The Best of,http://ringsushi.com/tone/suite-des-montagnes-306994/,"Celtic, Folk, Bretagne, World"
Do You Ever Feel Cursed,PT3M23S,Explosions In The Sky,Friday Night Lights,http://ringsushi.com/tone/do-you-ever-feel-cursed-214489/,Soundtrack
Bright Lights,PT2M38S,The Pogues,Pogue Mahone (2004 Remastered & Expanded),http://ringsushi.com/tone/bright-lights-306831/,Folk Rock
The Hindenburg Disaster (Pt.1),PT1M14S,Leadbelly,Important Recordings: 1934-1949 - Disc A,http://ringsushi.com/tone/the-hindenburg-disaster-pt1-276797/,Blues
Black Spider,PT5M05S,Mogwai,Zidane - A 21st Century Portrait,http://ringsushi.com/tone/black-spider-214691/,Post Rock
Trouble,PT2M42S,Leadbelly,Black folk singers (1937-1946),http://ringsushi.com/tone/trouble-276922/,Blues
"Welcome, Ghosts",PT5M47S,Explosions In The Sky,All Of A Sudden I Miss Everyone,http://ringsushi.com/tone/welcome-ghosts-214523/,Post-Rock
Same Old Thing,PT2M43S,Bo Diddley,The Chess Years - Disc 5 of 12,http://ringsushi.com/tone/same-old-thing-277103/,rock
Babes In The Woods,PT2M12S,Bo Diddley,The Chess Years - Disc 5 of 12,http://ringsushi.com/tone/babes-in-the-woods-276993/,rock
Big City,PT2M42S,The Pogues,Waiting For Herb (2004 Remastered & Expanded),http://ringsushi.com/tone/big-city-306830/,Folk Rock
Point Mort,PT3M38S,Yann Tiersen,Tabarly,http://ringsushi.com/tone/point-mort-214931/,"Classical/Folk, World, & Count"
Marig Ar Pollanton,PT3M46S,Alan Stivell,The Best of,http://ringsushi.com/tone/marig-ar-pollanton-307020/,"Celtic, Folk, Bretagne, World"
Bo Diddley 1969,PT2M37S,Bo Diddley,The Chess Years - Disc 9 of 12,http://ringsushi.com/tone/bo-diddley-1969-276960/,rock
On A Christmas Day,PT2M50S,Leadbelly,Important Recordings: 1934-1949 - Disc D,http://ringsushi.com/tone/on-a-christmas-day-276764/,Blues
My Baby's Gone,PT2M25S,The Pogues,Waiting For Herb (2004 Remastered & Expanded),http://ringsushi.com/tone/my-babys-gone-306878/,Folk Rock
079me,PT3M32S,B Young,,http://ringsushi.com/tone/079me-581121/,
The Parting Song,PT2M55S,Leadbelly,Shout On - Lead Belly Legacy Vol. 3,http://ringsushi.com/tone/the-parting-song-276884/,Blues
Ceux qui sement la mort,PT3M44S,Alan Stivell,Back to Breizh,http://ringsushi.com/tone/ceux-qui-sement-la-mort-307035/,"Celtic, Folk, Bretagne, World"
Comptine D un autre el apres midi,PT2M07S,Yann Tiersen,,http://ringsushi.com/tone/comptine-d-un-autre-el-apres-midi-214866/,Other
The Leaving Of Liverpool (Traditional) (Bonus track),PT3M13S,The Pogues,Red Roses For Me (2004 Remastered & Expanded),http://ringsushi.com/tone/the-leaving-of-liverpool-traditional-bonus-track-306910/,Folk Rock
Daddy I'm Coming Back To You,PT2M48S,Leadbelly,Important Recordings: 1934-1949 - Disc B,http://ringsushi.com/tone/daddy-im-coming-back-to-you-276825/,Blues
Magic Hours,PT8M33S,Explosions In The Sky,"How Strange, Innocence",http://ringsushi.com/tone/magic-hours-214502/,Post-rock
I Don't Like You,PT3M09S,Bo Diddley,The Chess Years - Disc 9 of 12,http://ringsushi.com/tone/i-dont-like-you-277078/,rock
We're In The Same Boat Brother,PT2M20S,Leadbelly,The Definitive Leadbelly,http://ringsushi.com/tone/were-in-the-same-boat-brother-276798/,Blues
Far From Refuge,PT6M52S,God Is An Astronaut,Far From Refuge,http://ringsushi.com/tone/far-from-refuge-214551/,Post-Rock
Gaels' Call,PT6M08S,Alan Stivell,Emerald,http://ringsushi.com/tone/gaels-call-307085/,"Celtic, Folk, Bretagne, World"
Lake Superior,PT1M15S,Leadbelly,"Private Party, Nov 21, 1948",http://ringsushi.com/tone/lake-superior-276882/,Blues
Friend of the Night,PT5M30S,Mogwai,Special Moves,http://ringsushi.com/tone/friend-of-the-night-214714/,Alternative & Punk
Six Days At The Bottom Of The,PT3M53S,Explosions In The Sky,The Earth Is Not A Cold Dead P,http://ringsushi.com/tone/six-days-at-the-bottom-of-the-214508/,Other
Sweet Leaf,PT5M55S,Mogwai,Do The Rock Boogaloo,http://ringsushi.com/tone/sweet-leaf-214777/,Post-Rock
The Neighbourhood,PT2M01S,Yann Tiersen,The Lighthouse / Everything's Calm,http://ringsushi.com/tone/the-neighbourhood-214940/,Alternative
The Wild Rover (Traditional),PT2M37S,The Pogues,Red Roses For Me (2004 Remastered & Expanded),http://ringsushi.com/tone/the-wild-rover-traditional-306961/,Folk Rock
Les Jours Triste,PT3M23S,Yann Tiersen,L'Absente,http://ringsushi.com/tone/les-jours-triste-214916/,Classical
"Irene (Good Night, Irene) (2)",PT1M43S,Leadbelly,Bridging Lead Belly,http://ringsushi.com/tone/irene-good-night-irene-2-276785/,Blues
The Breton Duchy - Dugelezh Vreizh,PT3M04S,Alan Stivell,Before landing,http://ringsushi.com/tone/the-breton-duchy---dugelezh-vreizh-307099/,"Celtic, Folk, Bretagne, World"
Lusk,PT4M08S,Alan Stivell,Emerald,http://ringsushi.com/tone/lusk-307018/,"Celtic, Folk, Bretagne, World"
The Maid Freed From The Gallows (139-A-2),PT1M28S,Leadbelly,The Remaining Library of Congress Recordings - Volume 2 1935,http://ringsushi.com/tone/the-maid-freed-from-the-gallows-139-a-2-276773/,Blues
Smell Of Petroleum,PT3M14S,The Pogues,Waiting For Herb (2004 Remastered & Expanded),http://ringsushi.com/tone/smell-of-petroleum-306775/,Folk Rock
I Bet You Look Good On The Dancefloor,PT2M54S,Arctic Monkeys,"Whatever people say I am, that\\'s what I\\'m not",http://ringsushi.com/tone/i_bet_you_look_good_on_the_dancefloor-169928/,Indie
Medley: The Recruiting Sergeant/The Rocky Road To Dublin/The Galway Races (Traditional),PT4M02S,The Pogues,If I Should Fall From Grace With God (2004 Remastered & Expanded),http://ringsushi.com/tone/medley-the-recruiting-sergeantthe-rocky-road-to-dublinthe-galway-races-traditional-306845/,Folk Rock
"I Love You, I'm Going to Blow Up Your School",PT7M58S,Mogwai,Special Moves,http://ringsushi.com/tone/i-love-you-im-going-to-blow-up-your-school-214730/,Post-Rock
Mairi's Wedding,PT5M55S,Alan Stivell,Brian Boru,http://ringsushi.com/tone/mairis-wedding-307089/,"Celtic, Folk, Bretagne, World"
The Bretons in Britain,PT1M59S,Alan Stivell,Before landing,http://ringsushi.com/tone/the-bretons-in-britain-307027/,"Celtic, Folk, Bretagne, World"
Dust Lane,PT5M11S,Yann Tiersen,Dust Lane,http://ringsushi.com/tone/dust-lane-214870/,Other
The Last 'Leaving Blues',PT2M38S,Leadbelly,The Definitive Leadbelly: 60th Anniversary Edition - CD3,http://ringsushi.com/tone/the-last-leaving-blues-276916/,Blues
Catastrophe And The Cure,PT8M10S,Explosions In The Sky,2008-03-21 - Great American Music Hall,http://ringsushi.com/tone/catastrophe-and-the-cure-214480/,Other
Maidrin Rua,PT1M47S,The Pogues,Hell's Ditch,http://ringsushi.com/tone/maidrin-rua-306888/,Folk Rock
La Dame Du Lac,PT4M35S,Alan Stivell,The Mist of Avalon,http://ringsushi.com/tone/la-dame-du-lac-306986/,"Celtic, Folk, Bretagne, World"
Hesitation Blues,PT2M18S,Leadbelly,Lead Belly's Last Sessions,http://ringsushi.com/tone/hesitation-blues-276829/,Blues
Spring Time In The Rockies,PT3M04S,Leadbelly,The Definitive Leadbelly,http://ringsushi.com/tone/spring-time-in-the-rockies-276771/,Blues
Irene Goodnight (Finale),PT3M38S,Leadbelly,"Leadbelly Live New York 1947 Austin, Texas 1949",http://ringsushi.com/tone/irene-goodnight-finale-276831/,Folk
Stop Coming To My House,PT4M40S,Mogwai,2005 - Goverment Commissions,http://ringsushi.com/tone/stop-coming-to-my-house-214774/,Post-Rock
Burn Girl Prom Queen,PT8M32S,Mogwai,Mogwai EP,http://ringsushi.com/tone/burn-girl-prom-queen-214693/,Alternative
On A Monday (I'm Almost Done),PT2M12S,Leadbelly,Complete Recorded Works 1939-1947 - Volume 6,http://ringsushi.com/tone/on-a-monday-im-almost-done-276876/,Blues
Planedenn,PT3M02S,Alan Stivell,E langonned,http://ringsushi.com/tone/planedenn-307048/,"Celtic, Folk, Bretagne, World"
Let Me In,PT1M55S,Bo Diddley,The Chess Years - Disc 3 of 12,http://ringsushi.com/tone/let-me-in-276945/,rock
Bring It To Jerome (Alt),PT2M42S,Bo Diddley,The Chess Years - Disc 12 of 12,http://ringsushi.com/tone/bring-it-to-jerome-alt-277029/,rock
Goadec Rock,PT5M18S,Alan Stivell,Emerald,http://ringsushi.com/tone/goadec-rock-307137/,"Celtic, Folk, Bretagne, World"
Wrong Side Of Love,PT4M03S,Cheap Trick,Lap Of Luxury,http://ringsushi.com/tone/wrong-side-of-love-214467/,Rock
Small Hours,PT4M40S,The Pogues,Waiting For Herb (2004 Remastered & Expanded),http://ringsushi.com/tone/small-hours-306890/,Folk Rock
The Sun Smells Too Loud,PT6M58S,Mogwai,The Hawk Is Howling,http://ringsushi.com/tone/the-sun-smells-too-loud-214783/,Post-rock
Within My Heart,PT3M25S,Dead By April,Incomparable (Mystery Version 2012),http://ringsushi.com/tone/within-my-heart-246543/,Other
Eyes Of The Angel,PT2M54S,The Pogues,Pogue Mahone (2004 Remastered & Expanded),http://ringsushi.com/tone/eyes-of-the-angel-306905/,Folk Rock
Tight Like Taht [142-A],PT3M10S,Leadbelly,The Titanic,http://ringsushi.com/tone/tight-like-taht-142-a-276816/,Blues
Hesitation Blues [141-A-1],PT2M36S,Leadbelly,The Titanic,http://ringsushi.com/tone/hesitation-blues-141-a-1-276757/,Blues
Azzim's Lectures,PT1M25S,Buckethead,Funnel Weaver,http://ringsushi.com/tone/azzims-lectures-214959/,Other
Hot Buttered Blues,PT3M55S,Bo Diddley,The Chess Years - Disc 9 of 12,http://ringsushi.com/tone/hot-buttered-blues-277088/,rock
Kings Meadow,PT4M42S,Mogwai,The Hawk Is Howling,http://ringsushi.com/tone/kings-meadow-214738/,Other
Moon Baby,PT2M25S,Bo Diddley,The Chess Years - Disc 4 of 12,http://ringsushi.com/tone/moon-baby-277046/,rock
Take Me Back [141-A-2],PT1M25S,Leadbelly,The Titanic,http://ringsushi.com/tone/take-me-back-141-a-2-276794/,Blues
How Do You Know? / Don't Mind the Weather,PT2M20S,Leadbelly,"Bourgeois Blues: Lead Belly Legacy, Volume 2",http://ringsushi.com/tone/how-do-you-know--dont-mind-the-weather-276862/,Blues
Old Smokey (Live),PT3M23S,Bo Diddley,The Chess Years - Disc 6 of 12,http://ringsushi.com/tone/old-smokey-live-276955/,rock
Remurdered,PT6M25S,Mogwai,Rave Tapes,http://ringsushi.com/tone/remurdered-214760/,Alternative
Planxty Noel Hill,PT3M13S,The Pogues,Rum Sodomy & The Lash (2004 Remastered & Expanded),http://ringsushi.com/tone/planxty-noel-hill-306942/,Folk Rock
T. B. Woman Blues,PT3M13S,Leadbelly,King of the 12-String Guitar,http://ringsushi.com/tone/t-b-woman-blues-276772/,Blues
How Come You Do Me Like You Do,PT3M25S,Leadbelly,Lead Belly's Last Sessions,http://ringsushi.com/tone/how-come-you-do-me-like-you-do-276782/,Blues
Ha Ha This Way,PT1M29S,Leadbelly,Complete Recorded Works 1939-1947 - Volume 6,http://ringsushi.com/tone/ha-ha-this-way-276756/,Blues
Point Mirabeau,PT3M32S,The Pogues,Pogue Mahone (2004 Remastered & Expanded),http://ringsushi.com/tone/point-mirabeau-306856/,Folk Rock
Ain't You Glad,PT2M01S,Leadbelly,The Definitive Leadbelly: 60th Anniversary Edition - CD3,http://ringsushi.com/tone/aint-you-glad-276800/,Blues
Turn Yo' Radio On,PT2M12S,Leadbelly,The Definitive Leadbelly,http://ringsushi.com/tone/turn-yo-radio-on-276818/,Blues
Girl From The Wadi Hammamat,PT4M53S,The Pogues,Waiting For Herb (2004 Remastered & Expanded),http://ringsushi.com/tone/girl-from-the-wadi-hammamat-306841/,Folk Rock
Hey! Bo Diddley,PT2M14S,Bo Diddley,His Best,http://ringsushi.com/tone/hey-bo-diddley-277039/,Soul And R&B
The Long Spring,PT5M34S,Explosions In The Sky,TRR50 Thank You,http://ringsushi.com/tone/the-long-spring-214515/,Other
Mistreatin' Mamma,PT1M25S,Leadbelly,Lead Belly's Last Sessions,http://ringsushi.com/tone/mistreatin-mamma-276761/,Blues
Shut Up Woman,PT3M46S,Bo Diddley,The Chess Years - Disc 9 of 12,http://ringsushi.com/tone/shut-up-woman-277048/,rock
Dearest Darling (Alt),PT3M18S,Bo Diddley,The Chess Years - Disc 12 of 12,http://ringsushi.com/tone/dearest-darling-alt-277055/,rock
"Ha, Ha This A Way",PT1M36S,Leadbelly,Complete Recorded Works 1947-1949 Volume 7,http://ringsushi.com/tone/ha-ha-this-a-way-276828/,Blues
Didn't Old John Cross The Water,PT2M01S,Leadbelly,Lead Belly's Last Sessions,http://ringsushi.com/tone/didnt-old-john-cross-the-water-276748/,Blues
Diggin' My Potatoes,PT2M37S,Leadbelly,Complete Recorded Works 1939-1947 Volume 5,http://ringsushi.com/tone/diggin-my-potatoes-276749/,blues
First Rendez-Vous,PT4M45S,Yann Tiersen,Good bye Lenin !,http://ringsushi.com/tone/first-rendez-vous-214874/,Other
La Blessure D'arthur,PT2M03S,Alan Stivell,The Mist of Avalon,http://ringsushi.com/tone/la-blessure-darthur-307116/,"Celtic, Folk, Bretagne, World"
Scotland s Shame,PT6M31S,Mogwai,Special Moves extra tracks on vinyl and CD download,http://ringsushi.com/tone/scotlands-shame-214765/,Post-Rock
Hong Kong Mississippi,PT2M59S,Bo Diddley,The Chess Years - Disc 4 of 12,http://ringsushi.com/tone/hong-kong-mississippi-276987/,rock
Julianne Johnson,PT3M14S,Leadbelly,The Definitive Lead Belly (CD 2),http://ringsushi.com/tone/julianne-johnson-276760/,Blues
Trembling Hands,PT3M31S,Explosions In The Sky,"Take Care, Take Care, Take Care",http://ringsushi.com/tone/trembling-hands-214521/,Post-Rock
Hate The Club (feat. Masego),PT4M39S,Kehlani,,http://ringsushi.com/tone/hate-the-club-feat-masego-580567/,
Fairytale Of New York,PT4M37S,The Pogues,If I Should Fall From Grace With God,http://ringsushi.com/tone/fairytale-of-new-york-306795/,Folk Rock
She's Alright (Unedited),PT4M23S,Bo Diddley,The Chess Years - Disc 12 of 12,http://ringsushi.com/tone/shes-alright-unedited-277080/,rock
"Yeah, Yeah, Yeah, Yeah, Yeah",PT5M40S,The Pogues,"Streams Of Whiskey - Live In Leysin, Switzerland 1991",http://ringsushi.com/tone/yeah-yeah-yeah-yeah-yeah-306916/,Folk Rock
Pick A Bale O' Cotton (150-B-1),PT58S,Leadbelly,The Remaining Library of Congress Recordings - Volume 3,http://ringsushi.com/tone/pick-a-bale-o-cotton-150-b-1-276789/,Blues
First Day Of Forever,PT3M18S,The Pogues,Waiting For Herb (2004 Remastered & Expanded),http://ringsushi.com/tone/first-day-of-forever-306896/,Folk Rock
Western Plain,PT2M44S,Leadbelly,Complete Recorded Works 1939-1947 Vol 4,http://ringsushi.com/tone/western-plain-276903/,Blues
Jack's Heroes,PT3M06S,The Pogues,Hell's Ditch (2005 Remastered & Expanded),http://ringsushi.com/tone/jacks-heroes-306957/,Folk Rock
5 Green Queens And Jean,PT2M36S,The Pogues,Hell's Ditch,http://ringsushi.com/tone/5-green-queens-and-jean-306872/,Folk Rock
World's Greatest Lover,PT4M50S,Cheap Trick,All Shook Up,http://ringsushi.com/tone/worlds-greatest-lover-214465/,Other
Old Ship Of Zion (Live),PT1M57S,Leadbelly,Complete Recorded Works 1947-1949 Volume 7,http://ringsushi.com/tone/old-ship-of-zion-live-276915/,Blues
If The Bible's Right,PT3M05S,Bo Diddley,The Chess Years - Disc 9 of 12,http://ringsushi.com/tone/if-the-bibles-right-277009/,rock
Shorty George (149-B),PT4M41S,Leadbelly,The Remaining Library of Congress Recordings - Volume 3,http://ringsushi.com/tone/shorty-george-149-b-276770/,Blues
Another Shore,PT4M54S,Yann Tiersen,Skyline,http://ringsushi.com/tone/another-shore-214855/,Alternative
I Said Shut Up Woman,PT3M26S,Bo Diddley,The Chess Years - Disc 10 of 12,http://ringsushi.com/tone/i-said-shut-up-woman-277000/,rock
Unititled Instrumental,PT2M21S,Bo Diddley,The Chess Years - Disc 4 of 12,http://ringsushi.com/tone/unititled-instrumental-277062/,rock
Where That Love's Been Gone,PT3M51S,The Pogues,Pogue Mahone (2004 Remastered & Expanded),http://ringsushi.com/tone/where-that-loves-been-gone-306895/,Folk Rock
In My Time Of Dying,PT3M17S,Leadbelly,Black folk singers (1937-1946),http://ringsushi.com/tone/in-my-time-of-dying-276873/,Blues
I've Got A Feeling,PT2M41S,Bo Diddley,The Chess Years - Disc 9 of 12,http://ringsushi.com/tone/ive-got-a-feeling-277001/,rock
Black Woman,PT2M48S,Bo Diddley,The Chess Years - Disc 9 of 12,http://ringsushi.com/tone/black-woman-277053/,rock
T.B. Woman Blues,PT3M09S,Leadbelly,Important Recordings: 1934-1949 - Disc B,http://ringsushi.com/tone/tb-woman-blues-276902/,Blues
Red River-Black Girl (In The Pines)-Don't Miss Your Water Blues,PT4M16S,Leadbelly,Complete Recorded Works 1939-1947 Volume 2 - C. October 1943 To 25 April 1944,http://ringsushi.com/tone/red-river-black-girl-in-the-pines-dont-miss-your-water-blues-276878/,Blues
"You Can't Lose A Me, Charlie",PT1M36S,Leadbelly,Complete Recorded Works 1947-1949 Volume 7,http://ringsushi.com/tone/you-cant-lose-a-me-charlie-276857/,Blues
Forever Lost,PT6M20S,God Is An Astronaut,"All is Violent, All is Bright",http://ringsushi.com/tone/forever-lost-214554/,Post Rock
Blood Bayou,PT2M57S,Buckethead,Slaughterhouse on the Prairie,http://ringsushi.com/tone/blood-bayou-214977/,Instrumental Rock
Call Me (Bo's Blues),PT2M35S,Bo Diddley,The Chess Years - Disc 4 of 12,http://ringsushi.com/tone/call-me-bos-blues-276962/,rock
"You Can't Lose Me, Cholly",PT2M40S,Leadbelly,Lead Belly Sings for Children,http://ringsushi.com/tone/you-cant-lose-me-cholly-276894/,Folk
Bastard Landlord,PT3M09S,The Pogues,Hell's Ditch (2005 Remastered & Expanded),http://ringsushi.com/tone/bastard-landlord-306917/,Folk Rock
Irene Goodnight,PT3M39S,Leadbelly,Irene Goodnight,http://ringsushi.com/tone/irene-goodnight-276832/,Blues
Bottle Of Smoke,PT2M47S,The Pogues,If I Should Fall From Grace With God,http://ringsushi.com/tone/bottle-of-smoke-306784/,Folk Rock
The Precipice,PT6M42S,Mogwai,The Hawk Is Howling,http://ringsushi.com/tone/the-precipice-214782/,Post-Rock
Black Betty,PT1M53S,Leadbelly,Lead Belly's Last Sessions,http://ringsushi.com/tone/black-betty-276776/,Blues
Anniversary,PT4M07S,The Pogues,Pogue Mahone (2004 Remastered & Expanded),http://ringsushi.com/tone/anniversary-306794/,Folk Rock
Last Known Surroundings,PT8M22S,Explosions In The Sky,"Take Care, Take Care, Take Care",http://ringsushi.com/tone/last-known-surroundings-214498/,Post-Rock
Summer,PT4M27S,Mogwai,Ten Rapid,http://ringsushi.com/tone/summer-214775/,Post-Rock
Sad Sack,PT2M37S,Bo Diddley,The Chess Years - Disc 5 of 12,http://ringsushi.com/tone/sad-sack-276956/,rock
Prayer [4472-A-3],PT2M11S,Leadbelly,Go Down Old Hannah,http://ringsushi.com/tone/prayer-4472-a-3-276811/,Blues
Blind Lemon,PT1M43S,Leadbelly,Where Did You Sleep Last Night? - Lead Belly Legacy Volume 1,http://ringsushi.com/tone/blind-lemon-276904/,Folk
Nobody Knows the Trouble I've Seen [2503-A-1],PT2M15S,Leadbelly,Nobody Knows The Trouble I've Seen,http://ringsushi.com/tone/nobody-knows-the-trouble-ive-seen-2503-a-1-276810/,Blues
You Know I Got To Do It,PT52S,Leadbelly,Lead Belly's Last Sessions,http://ringsushi.com/tone/you-know-i-got-to-do-it-276912/,Blues
Hound of Winter,PT3M54S,Mogwai,Earth Division EP,http://ringsushi.com/tone/hound-of-winter-214723/,Other
Sweet Deliverance,PT4M36S,God Is An Astronaut,A Moment of Stillness,http://ringsushi.com/tone/sweet-deliverance-214588/,Rock
Blind Cyclops,PT4M10S,Buckethead,The Silent Picture Book,http://ringsushi.com/tone/blind-cyclops-214976/,Other
Children's Blues,PT2M28S,Leadbelly,The Definitive Leadbelly,http://ringsushi.com/tone/childrens-blues-276823/,Blues
Briste leathair pheadair mairseal a'chearc,PT1M55S,Alan Stivell,E langonned,http://ringsushi.com/tone/briste-leathair-pheadair-mairseal-achearc-307131/,"Celtic, Folk, Bretagne, World"
(What Are) Little Boys (Made Of)-Let Me Hold Your Hand (All For You)-Polly Wolly (Polly) Wee,PT2M20S,Leadbelly,Complete Recorded Works 1939-1947 Volume 2 - C. October 1943 To 25 April 1944,http://ringsushi.com/tone/what-are-little-boys-made-of-let-me-hold-your-hand-all-for-you-polly-wolly-polly-wee-276819/,Blues
Guardians of Space,PT3M34S,Mogwai,4 Satin,http://ringsushi.com/tone/guardians-of-space-214719/,Other
Frankie & Albert - Part 2,PT3M05S,Leadbelly,The Definitive Leadbelly: 60th Anniversary Edition - CD1,http://ringsushi.com/tone/frankie--albert---part-2-276754/,Blues
More Yet / Little Boy How Old Are You / Green Grass Growing All Around,PT2M54S,Leadbelly,Shout On - Lead Belly Legacy Vol. 3,http://ringsushi.com/tone/more-yet--little-boy-how-old-are-you--green-grass-growing-all-around-276908/,Blues
Mr. Hitler [6407-B-2],PT4M19S,Leadbelly,Let It Shine On Me,http://ringsushi.com/tone/mr-hitler-6407-b-2-276763/,Blues
The Terrace,PT2M56S,Yann Tiersen,The Lighthouse / Everything's Calm,http://ringsushi.com/tone/the-terrace-214941/,Alternative
Winnsboro Cotton Mill Blues,PT2M18S,Leadbelly,Lead Belly's Last Sessions,http://ringsushi.com/tone/winnsboro-cotton-mill-blues-276926/,Blues
Batcat,PT5M24S,Mogwai,The Hawk Is Howling,http://ringsushi.com/tone/batcat-214690/,Post-rock
Tuner,PT2M17S,Mogwai,Tuner / Lower,http://ringsushi.com/tone/tuner-214789/,Post-Rock
Klepsi senin mi,PT3M54S,Tarkan,Dance News vol.2,http://ringsushi.com/tone/Klepsi_senin_mi-43618/,Other
Bounce (N Y -L A ),PT3M42S,Tarkan,,http://ringsushi.com/tone/Bounce_N_Y_-L_A_-13255/,Other
Take It All Off,PT3M17S,Bo Diddley,The Chess Years - Disc 10 of 12,http://ringsushi.com/tone/take-it-all-off-277081/,rock
Shanne Bradley,PT3M41S,The Pogues,If I Should Fall From Grace With God (2004 Remastered & Expanded),http://ringsushi.com/tone/shanne-bradley-306943/,Folk Rock
Won't Take No for an Answer,PT3M14S,Cheap Trick,Next Position Please,http://ringsushi.com/tone/wont-take-no-for-an-answer-214463/,Hard Rock
London Stomp,PT2M27S,Bo Diddley,The Chess Years - Disc 6 of 12,http://ringsushi.com/tone/london-stomp-277101/,rock
Cowboy Song,PT1M46S,Leadbelly,"Bourgeois Blues: Lead Belly Legacy, Volume 2",http://ringsushi.com/tone/cowboy-song-276898/,Blues
I'll Be Down On The Last Bread Wagon,PT3M35S,Leadbelly,Lead Belly's Last Sessions,http://ringsushi.com/tone/ill-be-down-on-the-last-bread-wagon-276848/,Blues
Does This Always Happen?,PT4M45S,Mogwai,Earth Division EP,http://ringsushi.com/tone/does-this-always-happen-214702/,Post-Rock
Rock Action,PT1M04S,Mogwai,Ten Rapid,http://ringsushi.com/tone/rock-action-214761/,Instrumental Pop
Devil Rides,PT4M00S,Mogwai,Batcat,http://ringsushi.com/tone/devil-rides-214700/,Post-Rock
You're All I Wanna Do,PT4M04S,Cheap Trick,Woke Up With a Monster,http://ringsushi.com/tone/youre-all-i-wanna-do-214470/,Rock
Ain't Goin' Study War No More [4471-B-6],PT1M26S,Leadbelly,Go Down Old Hannah,http://ringsushi.com/tone/aint-goin-study-war-no-more-4471-b-6-276744/,Blues
Before You Accuse Me,PT3M08S,Bo Diddley,His Best,http://ringsushi.com/tone/before-you-accuse-me-277052/,Soul And R&B
A Rainy Night In Soho (1991 Version) (Bonus track),PT4M48S,The Pogues,Hell's Ditch (2005 Remastered & Expanded),http://ringsushi.com/tone/a-rainy-night-in-soho-1991-version-bonus-track-306962/,Folk Rock
Go For Broke,PT3M04S,Bo Diddley,The Chess Years - Disc 10 of 12,http://ringsushi.com/tone/go-for-broke-277034/,rock
Chandelier,PT1M17S,Sia,,http://ringsushi.com/tone/chandelier-294767/,Other
Dracula Family,PT6M01S,Mogwai,The Hawk Is Howling,http://ringsushi.com/tone/dracula-family-214705/,Post-rock
Congo,PT2M36S,Bo Diddley,The Chess Years - Disc 4 of 12,http://ringsushi.com/tone/congo-276939/,rock
Writing On The Wall,PT3M27S,Cheap Trick,Dream Police,http://ringsushi.com/tone/writing-on-the-wall-214466/,Other
Brittany's,PT5M56S,Alan Stivell,Emerald,http://ringsushi.com/tone/brittanys-306981/,"Celtic, Folk, Bretagne, World"
The Hindenburg Disaster [998-B-2],PT2M15S,Leadbelly,Nobody Knows The Trouble I've Seen,http://ringsushi.com/tone/the-hindenburg-disaster-998-b-2-276739/,Blues
Faded,PT3M15S,Cascada,Perfect Day,http://ringsushi.com/tone/Faded-112755/,Other
I'm Alright (Live),PT4M18S,Bo Diddley,The Chess Years - Disc 6 of 12,http://ringsushi.com/tone/im-alright-live-276974/,rock
Ham And Eggs (4473-B-4),PT3M07S,Leadbelly,The Remaining Library of Congress Recordings - Volume 5 1938-1942,http://ringsushi.com/tone/ham-and-eggs-4473-b-4-276803/,Blues
What's Buggin' You (Crackin' Up) (Live),PT3M28S,Bo Diddley,The Chess Years - Disc 6 of 12,http://ringsushi.com/tone/whats-buggin-you-crackin-up-live-277012/,rock
Abraham Lincoln,PT3M13S,Leadbelly,"Bourgeois Blues: Lead Belly Legacy, Volume 2",http://ringsushi.com/tone/abraham-lincoln-276743/,Blues
I'm High Again,PT2M40S,Bo Diddley,The Chess Years - Disc 9 of 12,http://ringsushi.com/tone/im-high-again-276944/,rock
Kids Will Be Skeletons,PT5M28S,Mogwai,Happy Songs For Happy People,http://ringsushi.com/tone/kids-will-be-skeletons-214735/,Alternative
Metropolis,PT2M51S,The Pogues,If I Should Fall From Grace With God,http://ringsushi.com/tone/metropolis-306812/,Folk Rock
Let It Shine on Me,PT3M32S,Leadbelly,Where Did You Sleep Last Night? - Lead Belly Legacy Volume 1,http://ringsushi.com/tone/let-it-shine-on-me-276874/,Folk
No Good Rider,PT2M47S,Leadbelly,Complete Recorded Works 1939-1947 - Volume 6,http://ringsushi.com/tone/no-good-rider-276931/,Blues
Drag Me Down,PT3M12S,One Direction,German Top 100 Single Charts,http://ringsushi.com/tone/drag-me-down-543672/,Pop
E parrez langonned,PT3M40S,Alan Stivell,E langonned,http://ringsushi.com/tone/e-parrez-langonned-306982/,"Celtic, Folk, Bretagne, World"
London Girl,PT3M06S,The Pogues,Rum Sodomy & The Lash (2004 Remastered & Expanded),http://ringsushi.com/tone/london-girl-306906/,Folk Rock
One Meat Ball Alt. Take,PT3M12S,Leadbelly,Black folk singers (1937-1946),http://ringsushi.com/tone/one-meat-ball-alt-take-276865/,Blues
Lullaby Of London,PT3M32S,The Pogues,If I Should Fall From Grace With God (2004 Remastered & Expanded),http://ringsushi.com/tone/lullaby-of-london-306868/,Folk Rock
To West Texas,PT4M07S,Explosions In The Sky,Friday Night Lights,http://ringsushi.com/tone/to-west-texas-214520/,"Soundtrack, Post-rock"
T. B. Blues (6502-B-1),PT2M55S,Leadbelly,The Remaining Library of Congress Recordings - Volume 5 1938-1942,http://ringsushi.com/tone/t-b-blues-6502-b-1-276869/,Blues
Bo's Vacation,PT2M47S,Bo Diddley,The Chess Years - Disc 4 of 12,http://ringsushi.com/tone/bos-vacation-276972/,rock
Bottle Up & Go,PT1M25S,Leadbelly,Lead Belly's Last Sessions,http://ringsushi.com/tone/bottle-up--go-276897/,Blues
This is Me,PT2M55S,Demi Lovato,,http://ringsushi.com/tone/This_is_Me-9875/,Other
And the Band Played Waltzing Matilda (Eric Bogle cover),PT8M15S,The Pogues,Rum Sodomy & The Lash (2004 Remastered & Expanded),http://ringsushi.com/tone/and-the-band-played-waltzing-matilda-eric-bogle-cover-306885/,Folk Rock
Bo Diddley's Dog,PT4M02S,Bo Diddley,The Chess Years - Disc 6 of 12,http://ringsushi.com/tone/bo-diddleys-dog-276961/,rock
Radar Maker,PT1M36S,Mogwai,Young Team,http://ringsushi.com/tone/radar-maker-214754/,Other
Take This Hammer (2),PT2M18S,Leadbelly,Lead Belly Complete Recorded Works 1939-1947 - Disc 2,http://ringsushi.com/tone/take-this-hammer-2-276795/,blues
When I Was a Cowboy,PT2M56S,Leadbelly,Absolutely the Best,http://ringsushi.com/tone/when-i-was-a-cowboy-276740/,Blues
You're in my brain - angels fa,PT10M41S,Skillet,Invincible,http://ringsushi.com/tone/Youre_in_my_brain_-_angels_fa-100643/,Other
"Jesus, jesus holy and anointe",PT4M15S,Skillet,Ardent Worship: Skillet Live,http://ringsushi.com/tone/Jesus_jesus_holy_and_anointe-77520/,Other
How deep the father's love for,PT4M08S,Skillet,Ardent Worship: Skillet Live,http://ringsushi.com/tone/How_deep_the_fathers_love_for-77519/,Other
Scarecrow,PT4M18S,Skillet,"Hey You, I Love Your Soul",http://ringsushi.com/tone/Scarecrow-77515/,Other
Whirlwind,PT4M02S,Skillet,"Hey You, I Love Your Soul",http://ringsushi.com/tone/Whirlwind-77511/,Other
Take,PT4M13S,Skillet,"Hey You, I Love Your Soul",http://ringsushi.com/tone/Take-77506/,Other
Pour,PT4M19S,Skillet,"Hey You, I Love Your Soul",http://ringsushi.com/tone/Pour-77503/,Other
More faithful,PT3M45S,Skillet,"Hey You, I Love Your Soul",http://ringsushi.com/tone/More_faithful-77501/,Other
Your love keeps me alive),PT3M56S,Skillet,"Hey You, I Love Your Soul",http://ringsushi.com/tone/Your_love_keeps_me_alive-77499/,Other
Deeper,PT3M48S,Skillet,"Hey You, I Love Your Soul",http://ringsushi.com/tone/Deeper-77495/,Other
How Deep The Father's Love For Us,PT4M08S,Skillet,,http://ringsushi.com/tone/How_Deep_The_Fathers_Love_For_Us-5733/,Other
Beloved Comrade,PT2M05S,Leadbelly,Black folk singers (1937-1946),http://ringsushi.com/tone/beloved-comrade-276923/,Blues
Billy's Bones,PT2M03S,The Pogues,Rum Sodomy & The Lash (2004 Remastered & Expanded),http://ringsushi.com/tone/billys-bones-306862/,Folk Rock
Rooster Crows At Midnight,PT1M23S,Leadbelly,Shout On - Lead Belly Legacy Vol. 3,http://ringsushi.com/tone/rooster-crows-at-midnight-276892/,Blues
Mama Keep Your Big Mouth Shut,PT2M57S,Bo Diddley,The Chess Years - Disc 6 of 12,http://ringsushi.com/tone/mama-keep-your-big-mouth-shut-277060/,rock
Andrew Henry's Meadow,PT2M43S,Buckethead,Shadows Between The Sky,http://ringsushi.com/tone/andrew-henrys-meadow-214951/,Other
Morgan,PT2M28S,Alan Stivell,The Mist of Avalon,http://ringsushi.com/tone/morgan-307022/,"Celtic, Folk, Bretagne, World"
Last Night (feat. Tion Wayne),PT3M12S,B Young,,http://ringsushi.com/tone/last-night-feat-tion-wayne-580987/,Other
Catch Me,PT2M55S,B Young,,http://ringsushi.com/tone/catch-me-580831/,Other
All Out And Down (995-B-3),PT1M17S,Leadbelly,The Remaining Library of Congress Recordings - Volume 4,http://ringsushi.com/tone/all-out-and-down-995-b-3-276745/,Blues
Balloon Cement,PT3M07S,Buckethead,Balloon Cement,http://ringsushi.com/tone/balloon-cement-214961/,Experimental
In The World,PT2M01S,Leadbelly,Lead Belly's Last Sessions,http://ringsushi.com/tone/in-the-world-276933/,Blues
Say Man Back Again (Alt),PT3M04S,Bo Diddley,The Chess Years - Disc 12 of 12,http://ringsushi.com/tone/say-man-back-again-alt-277104/,rock
Harplinn,PT4M13S,Alan Stivell,Emerald,http://ringsushi.com/tone/harplinn-307113/,"Celtic, Folk, Bretagne, World"
My Lindy Lou,PT1M09S,Leadbelly,Lead Belly's Last Sessions,http://ringsushi.com/tone/my-lindy-lou-276929/,Blues
Bastard!,PT3M38S,F..k That,,http://ringsushi.com/tone/bastard-581123/,Other
Rainbow Man,PT2M46S,The Pogues,Hell's Ditch,http://ringsushi.com/tone/rainbow-man-306847/,Folk Rock
Edward Cullen (Heartless Parody),PT3M46S,Kanye West,,http://ringsushi.com/tone/Edward_Cullen_Heartless_Parody-23139/,Other
Big D's Touch,PT4M11S,Buckethead,A Real Diamond In The Rough,http://ringsushi.com/tone/big-ds-touch-214972/,Alternative
De' ha bla',PT2M47S,Alan Stivell,Brian Boru,http://ringsushi.com/tone/de-ha-bla-307134/,"Celtic, Folk, Bretagne, World"
Monkey Diddle (Live),PT2M29S,Bo Diddley,The Chess Years - Disc 6 of 12,http://ringsushi.com/tone/monkey-diddle-live-277036/,rock
Boom Boom Boom (Gabry Ponte Edit),PT3M30S,Indaqo,New Music N2,http://ringsushi.com/tone/boom-boom-boom-gabry-ponte-edit-559622/,Pop
Grace Descending,PT5M31S,God Is An Astronaut,Far from Refuge,http://ringsushi.com/tone/grace-descending-214559/,Rock
Muirshin Durkin (Traditional),PT1M51S,The Pogues,Red Roses For Me (2004 Remastered & Expanded),http://ringsushi.com/tone/muirshin-durkin-traditional-306920/,Folk Rock
Poor Paddy (Traditional),PT3M10S,The Pogues,Red Roses For Me (2004 Remastered & Expanded),http://ringsushi.com/tone/poor-paddy-traditional-306857/,Folk Rock
Doing The Crawdad,PT3M04S,Bo Diddley,The Chess Years - Disc 3 of 12,http://ringsushi.com/tone/doing-the-crawdad-277077/,rock
The Fighter (feat. Carrie Underwood),PT3M06S,Keith Urban,The Fighter (feat. Carrie Underwood),http://ringsushi.com/tone/the-fighter-feat-carrie-underwood-570893/,Other
Where the Blacktop Ends (Episode 1x03 One Giant Leap),PT3M00S,Keith Urban,,http://ringsushi.com/tone/Where_the_Blacktop_Ends_Episode_1x03_One_Giant_Leap-8612/,Other
Atomic Butterfly,PT5M05S,Buckethead,In Search of the... Vol. 05 - A,http://ringsushi.com/tone/atomic-butterfly-214957/,Other
Danphe and the Brain,PT5M18S,Mogwai,The Hawk is Howling,http://ringsushi.com/tone/danphe-and-the-brain-214698/,rock
Catastrophe And The Cure (Four Tet Mix),PT8M33S,Explosions In The Sky,All Of A Sudden I Miss Everyone (Remixes),http://ringsushi.com/tone/catastrophe-and-the-cure-four-tet-mix-214479/,Rock
Hush Your Mouth (Alt),PT3M08S,Bo Diddley,The Chess Years - Disc 12 of 12,http://ringsushi.com/tone/hush-your-mouth-alt-277043/,rock
Ain't It A Shame,PT1M42S,Leadbelly,"Private Party, Nov 21, 1948",http://ringsushi.com/tone/aint-it-a-shame-276775/,Blues
Jumanji,PT2M53S,B Young,,http://ringsushi.com/tone/jumanji-581122/,
"Be Comfortable, Creature",PT8M48S,Explosions In The Sky,"Take Care, Take Care, Take Care",http://ringsushi.com/tone/be-comfortable-creature-214478/,Post-Rock
Train Kept Rolling On,PT3M20S,The Pogues,Waiting For Herb (2004 Remastered & Expanded),http://ringsushi.com/tone/train-kept-rolling-on-306912/,Folk Rock
Bastard!,PT3M38S,F..k That,,http://ringsushi.com/tone/bastard-581123/,
Bottle Up And Go (fragment) (4473-B-5),PT1M10S,Leadbelly,The Remaining Library of Congress Recordings - Volume 5 1938-1942,http://ringsushi.com/tone/bottle-up-and-go-fragment-4473-b-5-276822/,Blues
Who Do You Love?,PT2M31S,Bo Diddley,The Definitive Collection,http://ringsushi.com/tone/who-do-you-love-277028/,Early R&B
Travelin' West,PT1M47S,Bo Diddley,The Chess Years - Disc 3 of 12,http://ringsushi.com/tone/travelin-west-277027/,rock
Cow Cow Yicky Yicky Yea,PT1M34S,Leadbelly,Complete Recorded Works 1939-1947 Vol 4,http://ringsushi.com/tone/cow-cow-yicky-yicky-yea-276824/,Blues
Six To Go,PT2M58S,The Pogues,Hell's Ditch,http://ringsushi.com/tone/six-to-go-306899/,Folk Rock
Day Two,PT3M48S,Explosions In The Sky,The Rescue,http://ringsushi.com/tone/day-two-214488/,Instrumental Rock
Navigator,PT4M13S,The Pogues,Rum Sodomy & The Lash (2004 Remastered & Expanded),http://ringsushi.com/tone/navigator-306855/,Folk Rock
Whatcha Gonna Do Sometime,PT1M16S,Leadbelly,Black folk singers (1937-1946),http://ringsushi.com/tone/whatcha-gonna-do-sometime-276918/,Blues
Billy's Blues (Part 1),PT2M23S,Bo Diddley,The Chess Years - Disc 12 of 12,http://ringsushi.com/tone/billys-blues-part-1-277006/,rock
Every Time I Feel the Spirit,PT3M26S,Leadbelly,Lead Belly Sings for Children,http://ringsushi.com/tone/every-time-i-feel-the-spirit-276753/,Folk
I Will Be So Glad When I Get Home,PT2M17S,Leadbelly,"Leadbelly Live New York 1947 Austin, Texas 1949",http://ringsushi.com/tone/i-will-be-so-glad-when-i-get-home-276863/,Folk
Father And Mother,PT2M54S,Yann Tiersen,"Good Bye, Lenin!",http://ringsushi.com/tone/father-and-mother-214872/,Other
Good Morning Blues (WNYC Jazz-Festival),PT2M53S,Leadbelly,Complete Recorded Works 1947-1949 Volume 7,http://ringsushi.com/tone/good-morning-blues-wnyc-jazz-festival-276887/,Blues
I Don't Want No More Of Army Life,PT2M50S,Leadbelly,"Leadbelly Live New York 1947 Austin, Texas 1949",http://ringsushi.com/tone/i-dont-want-no-more-of-army-life-276784/,Folk
Something Real (feat. London On Da Track & Chris Brown),PT3M03S,Summer Walker,,http://ringsushi.com/tone/something-real-feat-london-on-da-track-chris-brown-581117/,
Asylum of Glass,PT4M36S,Buckethead,Decoding The Tomb Of Bansheebot,http://ringsushi.com/tone/asylum-of-glass-214956/,Other
Crawdad,PT2M30S,Bo Diddley,The Chess Years - Disc 3 of 12,http://ringsushi.com/tone/crawdad-277031/,rock
"I'm Jim Morrison, I'm Dead",PT6M44S,Mogwai,The Hawk Is Howling,http://ringsushi.com/tone/im-jim-morrison-im-dead-214731/,Post-rock
Jazz Me Blues,PT4M08S,Leadbelly,At New York Town Hall 1947,http://ringsushi.com/tone/jazz-me-blues-276808/,Blues/jazz
Rock harp,PT2M56S,Alan Stivell,Back to Breizh,http://ringsushi.com/tone/rock-harp-307094/,"Celtic, Folk, Bretagne, World"
You Got To Love Me Baby,PT2M26S,Bo Diddley,The Chess Years - Disc 12 of 12,http://ringsushi.com/tone/you-got-to-love-me-baby-276980/,rock
Pretty Papa (WNYC Jazz-Festival),PT2M40S,Leadbelly,Complete Recorded Works 1947-1949 Volume 7,http://ringsushi.com/tone/pretty-papa-wnyc-jazz-festival-276909/,Blues
Woke Up With A Monster,PT4M55S,Cheap Trick,Woke Up With A Monster,http://ringsushi.com/tone/woke-up-with-a-monster-214462/,Rock
Look Into The Air,PT5M26S,Explosions In The Sky,"How Strange, Innocence",http://ringsushi.com/tone/look-into-the-air-214501/,Post-rock
Endless Dream,PT3M54S,God Is An Astronaut,A Moment of Stillness,http://ringsushi.com/tone/endless-dream-214548/,Rock
Day Six,PT5M19S,Explosions In The Sky,Travels In Constants Vol.21-The Rescue,http://ringsushi.com/tone/day-six-214486/,Post Rock
Katrien,PT5M24S,Mogwai,Young Team,http://ringsushi.com/tone/katrien-214734/,Post-Rock
Everyman Is A King,PT3M54S,The Pogues,Peace And Love (2005 Remastered & Expanded),http://ringsushi.com/tone/everyman-is-a-king-306946/,Folk Rock
Tosspint,PT3M32S,The Pogues,Pogue Mahone (2004 Remastered & Expanded),http://ringsushi.com/tone/tosspint-306871/,Folk Rock
Autumn Song,PT3M48S,God Is An Astronaut,Origins,http://ringsushi.com/tone/autumn-song-214535/,Other
